profile_id,mechanism,first_best_welfare,reported_first_best_welfare,welfare,regret,rounding_regret,budget_imbalance
0,coarse_grid_oracle,25.059999999999995,24.439999999999998,24.439999999999998,0.6199999999999974,0.6199999999999974,0.0
1,coarse_grid_oracle,79.2,76.0,76.0,3.200000000000003,3.200000000000003,0.0
2,coarse_grid_oracle,22.21,16.75,16.75,5.460000000000001,5.460000000000001,0.0
3,coarse_grid_oracle,17.58,17.58,17.58,0.0,0.0,0.0
4,coarse_grid_oracle,24.49,23.13,23.13,1.3599999999999994,1.3599999999999994,0.0
5,coarse_grid_oracle,51.080000000000005,47.38,47.38,3.700000000000003,3.700000000000003,0.0
6,coarse_grid_oracle,14.719999999999999,11.870000000000001,11.870000000000001,2.849999999999998,2.849999999999998,0.0
7,coarse_grid_oracle,15.159999999999997,-5.150000000000006,-5.150000000000006,20.310000000000002,20.310000000000002,0.0
8,coarse_grid_oracle,71.15,66.92,66.92,4.230000000000004,4.230000000000004,0.0
9,coarse_grid_oracle,49.35,44.879999999999995,44.879999999999995,4.470000000000006,4.470000000000006,0.0
10,coarse_grid_oracle,34.53,34.53,34.53,0.0,0.0,0.0
11,coarse_grid_oracle,41.489999999999995,38.08,38.08,3.4099999999999966,3.4099999999999966,0.0
12,coarse_grid_oracle,22.51,16.6,16.6,5.91,5.91,0.0
13,coarse_grid_oracle,43.099999999999994,43.099999999999994,43.099999999999994,0.0,0.0,0.0
14,coarse_grid_oracle,4.1399999999999935,-10.590000000000003,-10.590000000000003,14.729999999999997,14.729999999999997,0.0
15,coarse_grid_oracle,22.970000000000002,19.96,19.96,3.0100000000000016,3.0100000000000016,0.0
16,coarse_grid_oracle,12.520000000000001,11.77,11.77,0.7500000000000018,0.7500000000000018,0.0
17,coarse_grid_oracle,30.220000000000006,27.130000000000003,27.130000000000003,3.0900000000000034,3.0900000000000034,0.0
18,coarse_grid_oracle,4.020000000000003,-33.54999999999999,-33.54999999999999,37.56999999999999,37.56999999999999,0.0
19,coarse_grid_oracle,16.909999999999997,-17.220000000000006,-17.220000000000006,34.13,34.13,0.0
20,coarse_grid_oracle,21.15,19.74,19.74,1.4100000000000001,1.4100000000000001,0.0
21,coarse_grid_oracle,47.47,43.66,43.66,3.8100000000000023,3.8100000000000023,0.0
22,coarse_grid_oracle,11.059999999999999,11.059999999999999,11.059999999999999,0.0,0.0,0.0
23,coarse_grid_oracle,7.480000000000004,-17.39,-17.39,24.870000000000005,24.870000000000005,0.0
24,coarse_grid_oracle,5.69,5.53,5.53,0.16000000000000014,0.16000000000000014,0.0
25,coarse_grid_oracle,20.159999999999997,-4.790000000000006,-4.790000000000006,24.950000000000003,24.950000000000003,0.0
26,coarse_grid_oracle,105.03,100.67000000000002,100.67000000000002,4.359999999999985,4.359999999999985,0.0
27,coarse_grid_oracle,53.290000000000006,52.220000000000006,52.220000000000006,1.0700000000000003,1.0700000000000003,0.0
28,coarse_grid_oracle,50.26,43.31999999999999,43.31999999999999,6.940000000000005,6.940000000000005,0.0
29,coarse_grid_oracle,53.75,50.699999999999996,50.699999999999996,3.0500000000000043,3.0500000000000043,0.0
30,coarse_grid_oracle,52.71,52.03,52.03,0.6799999999999997,0.6799999999999997,0.0
31,coarse_grid_oracle,12.45,11.16,11.16,1.2899999999999991,1.2899999999999991,0.0
32,coarse_grid_oracle,25.21,19.43,19.43,5.780000000000001,5.780000000000001,0.0
33,coarse_grid_oracle,19.549999999999997,18.009999999999998,18.009999999999998,1.5399999999999991,1.5399999999999991,0.0
34,coarse_grid_oracle,95.58,93.80000000000001,93.80000000000001,1.779999999999987,1.779999999999987,0.0
35,coarse_grid_oracle,50.60000000000001,45.760000000000005,45.760000000000005,4.840000000000003,4.840000000000003,0.0
36,coarse_grid_oracle,70.81,70.81,70.81,0.0,0.0,0.0
37,coarse_grid_oracle,64.69,57.47,57.47,7.219999999999999,7.219999999999999,0.0
38,coarse_grid_oracle,1.4299999999999997,-3.719999999999999,-3.719999999999999,5.149999999999999,5.149999999999999,0.0
39,coarse_grid_oracle,7.869999999999999,0.0,0.0,7.869999999999999,7.869999999999999,0.0
40,coarse_grid_oracle,0.0,-20.07,-20.07,20.07,20.07,0.0
41,coarse_grid_oracle,27.5,27.5,27.5,0.0,0.0,0.0
42,coarse_grid_oracle,12.189999999999998,10.559999999999999,10.559999999999999,1.629999999999999,1.629999999999999,0.0
43,coarse_grid_oracle,46.76,46.76,46.76,0.0,0.0,0.0
44,coarse_grid_oracle,24.439999999999998,24.1,24.1,0.3399999999999963,0.3399999999999963,0.0
45,coarse_grid_oracle,64.99999999999999,59.959999999999994,59.959999999999994,5.039999999999992,5.039999999999992,0.0
46,coarse_grid_oracle,49.48,40.56999999999999,40.56999999999999,8.910000000000004,8.910000000000004,0.0
47,coarse_grid_oracle,50.08,49.41,49.41,0.6700000000000017,0.6700000000000017,0.0
48,coarse_grid_oracle,13.910000000000002,12.670000000000002,12.670000000000002,1.2400000000000002,1.2400000000000002,0.0
49,coarse_grid_oracle,0.0,-0.8700000000000045,-0.8700000000000045,0.8700000000000045,0.8700000000000045,0.0
50,coarse_grid_oracle,48.599999999999994,48.599999999999994,48.599999999999994,0.0,0.0,0.0
51,coarse_grid_oracle,27.37,24.09,24.09,3.280000000000001,3.280000000000001,0.0
52,coarse_grid_oracle,32.57,30.400000000000002,30.400000000000002,2.169999999999998,2.169999999999998,0.0
53,coarse_grid_oracle,8.740000000000002,8.740000000000002,8.740000000000002,0.0,0.0,0.0
54,coarse_grid_oracle,54.46,41.5,41.5,12.96,12.96,0.0
55,coarse_grid_oracle,16.61,16.479999999999997,16.479999999999997,0.13000000000000256,0.13000000000000256,0.0
56,coarse_grid_oracle,33.79,28.55,28.55,5.239999999999998,5.239999999999998,0.0
57,coarse_grid_oracle,12.69,12.69,12.69,0.0,0.0,0.0
58,coarse_grid_oracle,13.62,12.79,12.79,0.8300000000000001,0.8300000000000001,0.0
59,coarse_grid_oracle,20.659999999999997,20.659999999999997,20.659999999999997,0.0,0.0,0.0
60,coarse_grid_oracle,52.06,45.75,45.75,6.310000000000002,6.310000000000002,0.0
61,coarse_grid_oracle,75.31,75.31,75.31,0.0,0.0,0.0
62,coarse_grid_oracle,0.0,-29.78,-29.78,29.78,29.78,0.0
63,coarse_grid_oracle,20.990000000000002,16.66,16.66,4.330000000000002,4.330000000000002,0.0
64,coarse_grid_oracle,87.42,84.55,84.55,2.8700000000000045,2.8700000000000045,0.0
65,coarse_grid_oracle,17.6,17.6,17.6,0.0,0.0,0.0
66,coarse_grid_oracle,10.850000000000001,9.59,9.59,1.2600000000000016,1.2600000000000016,0.0
67,coarse_grid_oracle,19.97,12.400000000000002,12.400000000000002,7.569999999999997,7.569999999999997,0.0
68,coarse_grid_oracle,21.65,21.65,21.65,0.0,0.0,0.0
69,coarse_grid_oracle,48.150000000000006,47.050000000000004,47.050000000000004,1.1000000000000014,1.1000000000000014,0.0
70,coarse_grid_oracle,28.180000000000003,24.070000000000004,24.070000000000004,4.109999999999999,4.109999999999999,0.0
71,coarse_grid_oracle,9.0,8.420000000000002,8.420000000000002,0.5799999999999983,0.5799999999999983,0.0
72,coarse_grid_oracle,37.43,37.43,37.43,0.0,0.0,0.0
73,coarse_grid_oracle,49.5,49.260000000000005,49.260000000000005,0.23999999999999488,0.23999999999999488,0.0
74,coarse_grid_oracle,0.0,-19.099999999999994,-19.099999999999994,19.099999999999994,19.099999999999994,0.0
75,coarse_grid_oracle,41.830000000000005,41.830000000000005,41.830000000000005,0.0,0.0,0.0
76,coarse_grid_oracle,10.149999999999999,9.329999999999998,9.329999999999998,0.8200000000000003,0.8200000000000003,0.0
77,coarse_grid_oracle,86.5,86.5,86.5,0.0,0.0,0.0
78,coarse_grid_oracle,7.450000000000003,-18.709999999999994,-18.709999999999994,26.159999999999997,26.159999999999997,0.0
79,coarse_grid_oracle,2.4299999999999997,-10.489999999999995,-10.489999999999995,12.919999999999995,12.919999999999995,0.0
80,coarse_grid_oracle,89.78,85.37,85.37,4.409999999999997,4.409999999999997,0.0
81,coarse_grid_oracle,41.54,41.54,41.54,0.0,0.0,0.0
82,coarse_grid_oracle,94.23,88.48,88.48,5.75,5.75,0.0
83,coarse_grid_oracle,93.09,88.37,88.37,4.719999999999999,4.719999999999999,0.0
84,coarse_grid_oracle,24.540000000000006,22.920000000000005,22.920000000000005,1.620000000000001,1.620000000000001,0.0
85,coarse_grid_oracle,27.380000000000003,17.660000000000004,17.660000000000004,9.719999999999999,9.719999999999999,0.0
86,coarse_grid_oracle,13.570000000000002,13.570000000000002,13.570000000000002,0.0,0.0,0.0
87,coarse_grid_oracle,50.599999999999994,44.56999999999999,44.56999999999999,6.030000000000001,6.030000000000001,0.0
88,coarse_grid_oracle,18.840000000000003,15.760000000000003,15.760000000000003,3.08,3.08,0.0
89,coarse_grid_oracle,27.669999999999998,24.849999999999998,24.849999999999998,2.8200000000000003,2.8200000000000003,0.0
90,coarse_grid_oracle,26.630000000000003,24.07,24.07,2.5600000000000023,2.5600000000000023,0.0
91,coarse_grid_oracle,92.04,92.04,92.04,0.0,0.0,0.0
92,coarse_grid_oracle,50.55,42.309999999999995,42.309999999999995,8.240000000000002,8.240000000000002,0.0
93,coarse_grid_oracle,81.78,72.36,72.36,9.420000000000002,9.420000000000002,0.0
94,coarse_grid_oracle,27.370000000000005,26.470000000000006,26.470000000000006,0.8999999999999986,0.8999999999999986,0.0
95,coarse_grid_oracle,19.93,5.149999999999999,5.149999999999999,14.780000000000001,14.780000000000001,0.0
96,coarse_grid_oracle,35.08,25.310000000000002,25.310000000000002,9.769999999999996,9.769999999999996,0.0
97,coarse_grid_oracle,27.33,27.33,27.33,0.0,0.0,0.0
98,coarse_grid_oracle,16.96,10.110000000000003,10.110000000000003,6.849999999999998,6.849999999999998,0.0
99,coarse_grid_oracle,16.409999999999997,12.999999999999996,12.999999999999996,3.41,3.41,0.0
100,coarse_grid_oracle,28.97,21.689999999999998,21.689999999999998,7.280000000000001,7.280000000000001,0.0
101,coarse_grid_oracle,73.31,68.06,68.06,5.25,5.25,0.0
102,coarse_grid_oracle,50.83,50.83,50.83,0.0,0.0,0.0
103,coarse_grid_oracle,49.22,46.050000000000004,46.050000000000004,3.1699999999999946,3.1699999999999946,0.0
104,coarse_grid_oracle,43.440000000000005,37.33,37.33,6.1100000000000065,6.1100000000000065,0.0
105,coarse_grid_oracle,54.190000000000005,54.190000000000005,54.190000000000005,0.0,0.0,0.0
106,coarse_grid_oracle,13.389999999999999,9.879999999999999,9.879999999999999,3.51,3.51,0.0
107,coarse_grid_oracle,12.1,10.6,10.6,1.5,1.5,0.0
108,coarse_grid_oracle,55.56,54.43000000000001,54.43000000000001,1.1299999999999955,1.1299999999999955,0.0
109,coarse_grid_oracle,8.42,8.42,8.42,0.0,0.0,0.0
110,coarse_grid_oracle,55.51,52.81999999999999,52.81999999999999,2.690000000000005,2.690000000000005,0.0
111,coarse_grid_oracle,28.800000000000004,20.880000000000003,20.880000000000003,7.920000000000002,7.920000000000002,0.0
112,coarse_grid_oracle,25.230000000000004,23.720000000000006,23.720000000000006,1.509999999999998,1.509999999999998,0.0
113,coarse_grid_oracle,30.15,26.929999999999996,26.929999999999996,3.2200000000000024,3.2200000000000024,0.0
114,coarse_grid_oracle,63.040000000000006,55.290000000000006,55.290000000000006,7.75,7.75,0.0
115,coarse_grid_oracle,50.620000000000005,44.970000000000006,44.970000000000006,5.649999999999999,5.649999999999999,0.0
116,coarse_grid_oracle,10.79,8.93,8.93,1.8599999999999994,1.8599999999999994,0.0
117,coarse_grid_oracle,44.620000000000005,43.2,43.2,1.4200000000000017,1.4200000000000017,0.0
118,coarse_grid_oracle,12.83,11.129999999999999,11.129999999999999,1.700000000000001,1.700000000000001,0.0
119,coarse_grid_oracle,12.24,11.86,11.86,0.3800000000000008,0.3800000000000008,0.0
120,coarse_grid_oracle,12.69,11.35,11.35,1.3399999999999999,1.3399999999999999,0.0
121,coarse_grid_oracle,0.0,-11.150000000000006,-11.150000000000006,11.150000000000006,11.150000000000006,0.0
122,coarse_grid_oracle,44.15,41.839999999999996,41.839999999999996,2.3100000000000023,2.3100000000000023,0.0
123,coarse_grid_oracle,71.75,71.75,71.75,0.0,0.0,0.0
124,coarse_grid_oracle,19.110000000000003,19.110000000000003,19.110000000000003,0.0,0.0,0.0
125,coarse_grid_oracle,21.29,18.97,18.97,2.3200000000000003,2.3200000000000003,0.0
126,coarse_grid_oracle,27.39,24.490000000000002,24.490000000000002,2.8999999999999986,2.8999999999999986,0.0
127,coarse_grid_oracle,67.41,67.41,67.41,0.0,0.0,0.0
128,coarse_grid_oracle,12.29,8.369999999999997,8.369999999999997,3.9200000000000017,3.9200000000000017,0.0
129,coarse_grid_oracle,42.410000000000004,34.28,34.28,8.130000000000003,8.130000000000003,0.0
130,coarse_grid_oracle,52.94,47.03,47.03,5.909999999999997,5.909999999999997,0.0
131,coarse_grid_oracle,36.08,29.700000000000003,29.700000000000003,6.3799999999999955,6.3799999999999955,0.0
132,coarse_grid_oracle,19.419999999999998,17.169999999999998,17.169999999999998,2.25,2.25,0.0
133,coarse_grid_oracle,32.21000000000001,26.210000000000004,26.210000000000004,6.0000000000000036,6.0000000000000036,0.0
134,coarse_grid_oracle,54.27,49.260000000000005,49.260000000000005,5.009999999999998,5.009999999999998,0.0
135,coarse_grid_oracle,72.89,70.75,70.75,2.1400000000000006,2.1400000000000006,0.0
136,coarse_grid_oracle,30.609999999999996,23.219999999999995,23.219999999999995,7.390000000000001,7.390000000000001,0.0
137,coarse_grid_oracle,24.440000000000005,22.700000000000003,22.700000000000003,1.740000000000002,1.740000000000002,0.0
138,coarse_grid_oracle,12.37,12.37,12.37,0.0,0.0,0.0
139,coarse_grid_oracle,68.98,63.60000000000001,63.60000000000001,5.3799999999999955,5.3799999999999955,0.0
140,coarse_grid_oracle,61.66,59.76,59.76,1.8999999999999986,1.8999999999999986,0.0
141,coarse_grid_oracle,91.55000000000001,91.55000000000001,91.55000000000001,0.0,0.0,0.0
142,coarse_grid_oracle,0.0,-2.9299999999999997,-2.9299999999999997,2.9299999999999997,2.9299999999999997,0.0
143,coarse_grid_oracle,78.50999999999999,78.50999999999999,78.50999999999999,0.0,0.0,0.0
144,coarse_grid_oracle,55.31,55.31,55.31,0.0,0.0,0.0
145,coarse_grid_oracle,63.57,53.44,53.44,10.130000000000003,10.130000000000003,0.0
146,coarse_grid_oracle,25.919999999999995,21.619999999999997,21.619999999999997,4.299999999999997,4.299999999999997,0.0
147,coarse_grid_oracle,9.14,8.91,8.91,0.23000000000000043,0.23000000000000043,0.0
148,coarse_grid_oracle,13.340000000000002,11.170000000000002,11.170000000000002,2.17,2.17,0.0
149,coarse_grid_oracle,13.709999999999997,11.04,11.04,2.669999999999998,2.669999999999998,0.0
150,coarse_grid_oracle,55.129999999999995,55.129999999999995,55.129999999999995,0.0,0.0,0.0
151,coarse_grid_oracle,27.07,15.46,15.46,11.61,11.61,0.0
152,coarse_grid_oracle,12.679999999999998,11.459999999999997,11.459999999999997,1.2200000000000006,1.2200000000000006,0.0
153,coarse_grid_oracle,44.66,39.730000000000004,39.730000000000004,4.929999999999993,4.929999999999993,0.0
154,coarse_grid_oracle,73.83,67.22,67.22,6.609999999999999,6.609999999999999,0.0
155,coarse_grid_oracle,77.27000000000001,74.52000000000001,74.52000000000001,2.75,2.75,0.0
156,coarse_grid_oracle,73.01,70.07000000000001,70.07000000000001,2.9399999999999977,2.9399999999999977,0.0
157,coarse_grid_oracle,11.6,7.209999999999997,7.209999999999997,4.390000000000002,4.390000000000002,0.0
158,coarse_grid_oracle,48.18,43.79,43.79,4.390000000000001,4.390000000000001,0.0
159,coarse_grid_oracle,26.26,23.67,23.67,2.59,2.59,0.0
160,coarse_grid_oracle,53.809999999999995,51.41,51.41,2.3999999999999986,2.3999999999999986,0.0
161,coarse_grid_oracle,16.05,16.05,16.05,0.0,0.0,0.0
162,coarse_grid_oracle,47.45,47.45,47.45,0.0,0.0,0.0
163,coarse_grid_oracle,42.48,38.56,38.56,3.9199999999999946,3.9199999999999946,0.0
164,coarse_grid_oracle,55.03,52.97,52.97,2.0600000000000023,2.0600000000000023,0.0
165,coarse_grid_oracle,48.410000000000004,48.410000000000004,48.410000000000004,0.0,0.0,0.0
166,coarse_grid_oracle,10.76,10.34,10.34,0.41999999999999993,0.41999999999999993,0.0
167,coarse_grid_oracle,46.89,36.95,36.95,9.939999999999998,9.939999999999998,0.0
168,coarse_grid_oracle,78.25,78.25,78.25,0.0,0.0,0.0
169,coarse_grid_oracle,12.9,10.98,10.98,1.92,1.92,0.0
170,coarse_grid_oracle,20.110000000000003,20.110000000000003,20.110000000000003,0.0,0.0,0.0
171,coarse_grid_oracle,73.16,72.66,72.66,0.5,0.5,0.0
172,coarse_grid_oracle,25.440000000000005,22.300000000000004,22.300000000000004,3.1400000000000006,3.1400000000000006,0.0
173,coarse_grid_oracle,60.22999999999999,60.22999999999999,60.22999999999999,0.0,0.0,0.0
174,coarse_grid_oracle,9.08,9.08,9.08,0.0,0.0,0.0
175,coarse_grid_oracle,79.35000000000001,78.7,78.7,0.6500000000000057,0.6500000000000057,0.0
176,coarse_grid_oracle,31.450000000000003,31.450000000000003,31.450000000000003,0.0,0.0,0.0
177,coarse_grid_oracle,43.69,42.12,42.12,1.5700000000000003,1.5700000000000003,0.0
178,coarse_grid_oracle,10.959999999999999,8.809999999999999,8.809999999999999,2.1500000000000004,2.1500000000000004,0.0
179,coarse_grid_oracle,58.93000000000001,58.93000000000001,58.93000000000001,0.0,0.0,0.0
180,coarse_grid_oracle,78.65,74.79,74.79,3.8599999999999994,3.8599999999999994,0.0
181,coarse_grid_oracle,22.53,18.180000000000003,18.180000000000003,4.349999999999998,4.349999999999998,0.0
182,coarse_grid_oracle,16.85,13.010000000000002,13.010000000000002,3.84,3.84,0.0
183,coarse_grid_oracle,74.87,74.87,74.87,0.0,0.0,0.0
184,coarse_grid_oracle,11.999999999999998,9.39,9.39,2.6099999999999977,2.6099999999999977,0.0
185,coarse_grid_oracle,21.45,19.93,19.93,1.5199999999999996,1.5199999999999996,0.0
186,coarse_grid_oracle,0.0,-5.609999999999999,-5.609999999999999,5.609999999999999,5.609999999999999,0.0
187,coarse_grid_oracle,11.990000000000002,6.640000000000001,6.640000000000001,5.350000000000001,5.350000000000001,0.0
188,coarse_grid_oracle,93.56,87.76,87.76,5.799999999999997,5.799999999999997,0.0
189,coarse_grid_oracle,31.07,25.54,25.54,5.530000000000001,5.530000000000001,0.0
190,coarse_grid_oracle,67.38,59.42,59.42,7.959999999999994,7.959999999999994,0.0
191,coarse_grid_oracle,50.11,47.870000000000005,47.870000000000005,2.239999999999995,2.239999999999995,0.0
192,coarse_grid_oracle,11.58,10.16,10.16,1.42,1.42,0.0
193,coarse_grid_oracle,26.33,24.39,24.39,1.9399999999999977,1.9399999999999977,0.0
194,coarse_grid_oracle,92.30999999999999,88.02999999999999,88.02999999999999,4.280000000000001,4.280000000000001,0.0
195,coarse_grid_oracle,17.04,10.580000000000002,10.580000000000002,6.459999999999997,6.459999999999997,0.0
196,coarse_grid_oracle,16.279999999999998,15.399999999999999,15.399999999999999,0.879999999999999,0.879999999999999,0.0
197,coarse_grid_oracle,13.169999999999998,11.59,11.59,1.5799999999999983,1.5799999999999983,0.0
198,coarse_grid_oracle,81.27,81.17999999999999,81.17999999999999,0.09000000000000341,0.09000000000000341,0.0
199,coarse_grid_oracle,85.57,81.03999999999999,81.03999999999999,4.530000000000001,4.530000000000001,0.0
200,coarse_grid_oracle,14.180000000000001,11.810000000000002,11.810000000000002,2.369999999999999,2.369999999999999,0.0
201,coarse_grid_oracle,5.840000000000003,-37.199999999999996,-37.199999999999996,43.04,43.04,0.0
202,coarse_grid_oracle,12.02,10.709999999999999,10.709999999999999,1.3100000000000005,1.3100000000000005,0.0
203,coarse_grid_oracle,6.240000000000002,-3.8699999999999974,-3.8699999999999974,10.11,10.11,0.0
204,coarse_grid_oracle,80.85,80.85,80.85,0.0,0.0,0.0
205,coarse_grid_oracle,47.81,42.849999999999994,42.849999999999994,4.960000000000008,4.960000000000008,0.0
206,coarse_grid_oracle,20.159999999999997,16.659999999999997,16.659999999999997,3.5,3.5,0.0
207,coarse_grid_oracle,80.47999999999999,77.02,77.02,3.4599999999999937,3.4599999999999937,0.0
208,coarse_grid_oracle,66.91,64.87,64.87,2.039999999999992,2.039999999999992,0.0
209,coarse_grid_oracle,88.65,80.17999999999999,80.17999999999999,8.470000000000013,8.470000000000013,0.0
210,coarse_grid_oracle,21.479999999999997,17.939999999999998,17.939999999999998,3.539999999999999,3.539999999999999,0.0
211,coarse_grid_oracle,34.86,28.74,28.74,6.120000000000001,6.120000000000001,0.0
212,coarse_grid_oracle,78.82000000000001,74.05000000000001,74.05000000000001,4.769999999999996,4.769999999999996,0.0
213,coarse_grid_oracle,53.470000000000006,52.81,52.81,0.6600000000000037,0.6600000000000037,0.0
214,coarse_grid_oracle,53.88,53.88,53.88,0.0,0.0,0.0
215,coarse_grid_oracle,23.799999999999997,23.799999999999997,23.799999999999997,0.0,0.0,0.0
216,coarse_grid_oracle,75.22,68.03,68.03,7.189999999999998,7.189999999999998,0.0
217,coarse_grid_oracle,22.53,21.169999999999998,21.169999999999998,1.360000000000003,1.360000000000003,0.0
218,coarse_grid_oracle,45.660000000000004,45.260000000000005,45.260000000000005,0.3999999999999986,0.3999999999999986,0.0
219,coarse_grid_oracle,62.099999999999994,62.099999999999994,62.099999999999994,0.0,0.0,0.0
220,coarse_grid_oracle,15.29,12.49,12.49,2.799999999999999,2.799999999999999,0.0
221,coarse_grid_oracle,110.81000000000002,102.39000000000001,102.39000000000001,8.420000000000002,8.420000000000002,0.0
222,coarse_grid_oracle,8.780000000000001,8.780000000000001,8.780000000000001,0.0,0.0,0.0
223,coarse_grid_oracle,61.160000000000004,57.980000000000004,57.980000000000004,3.1799999999999997,3.1799999999999997,0.0
224,coarse_grid_oracle,90.24000000000001,82.67,82.67,7.570000000000007,7.570000000000007,0.0
225,coarse_grid_oracle,8.239999999999998,8.239999999999998,8.239999999999998,0.0,0.0,0.0
226,coarse_grid_oracle,81.72,81.72,81.72,0.0,0.0,0.0
227,coarse_grid_oracle,11.590000000000003,-19.129999999999995,-19.129999999999995,30.72,30.72,0.0
228,coarse_grid_oracle,8.689999999999998,-6.130000000000003,-6.130000000000003,14.82,14.82,0.0
229,coarse_grid_oracle,46.44,46.44,46.44,0.0,0.0,0.0
230,coarse_grid_oracle,6.030000000000001,-30.189999999999998,-30.189999999999998,36.22,36.22,0.0
231,coarse_grid_oracle,26.130000000000003,26.130000000000003,26.130000000000003,0.0,0.0,0.0
232,coarse_grid_oracle,31.34,26.86,26.86,4.48,4.48,0.0
233,coarse_grid_oracle,13.34,10.6,10.6,2.74,2.74,0.0
234,coarse_grid_oracle,26.560000000000002,23.72,23.72,2.8400000000000034,2.8400000000000034,0.0
235,coarse_grid_oracle,1.1599999999999966,-21.020000000000003,-21.020000000000003,22.18,22.18,0.0
236,coarse_grid_oracle,14.790000000000001,7.73,7.73,7.0600000000000005,7.0600000000000005,0.0
237,coarse_grid_oracle,89.78999999999999,87.47999999999999,87.47999999999999,2.3100000000000023,2.3100000000000023,0.0
238,coarse_grid_oracle,50.27,47.78,47.78,2.490000000000002,2.490000000000002,0.0
239,coarse_grid_oracle,78.13,71.53,71.53,6.599999999999994,6.599999999999994,0.0
240,coarse_grid_oracle,90.19,84.75,84.75,5.439999999999998,5.439999999999998,0.0
241,coarse_grid_oracle,80.88999999999999,70.1,70.1,10.789999999999992,10.789999999999992,0.0
242,coarse_grid_oracle,70.93,70.93,70.93,0.0,0.0,0.0
243,coarse_grid_oracle,59.379999999999995,59.379999999999995,59.379999999999995,0.0,0.0,0.0
244,coarse_grid_oracle,80.91,77.60999999999999,77.60999999999999,3.3000000000000114,3.3000000000000114,0.0
245,coarse_grid_oracle,9.759999999999998,9.759999999999998,9.759999999999998,0.0,0.0,0.0
246,coarse_grid_oracle,94.33000000000001,89.16000000000001,89.16000000000001,5.170000000000002,5.170000000000002,0.0
247,coarse_grid_oracle,46.7,40.38,40.38,6.32,6.32,0.0
248,coarse_grid_oracle,60.24999999999999,52.24999999999999,52.24999999999999,8.0,8.0,0.0
249,coarse_grid_oracle,18.03,14.530000000000001,14.530000000000001,3.5,3.5,0.0
250,coarse_grid_oracle,65.25999999999999,59.01,59.01,6.249999999999993,6.249999999999993,0.0
251,coarse_grid_oracle,12.18,11.059999999999999,11.059999999999999,1.120000000000001,1.120000000000001,0.0
252,coarse_grid_oracle,9.629999999999999,9.629999999999999,9.629999999999999,0.0,0.0,0.0
253,coarse_grid_oracle,14.54,12.7,12.7,1.8399999999999999,1.8399999999999999,0.0
254,coarse_grid_oracle,51.32000000000001,45.85000000000001,45.85000000000001,5.469999999999999,5.469999999999999,0.0
255,coarse_grid_oracle,39.94,34.41,34.41,5.530000000000001,5.530000000000001,0.0
256,coarse_grid_oracle,70.6,68.44,68.44,2.1599999999999966,2.1599999999999966,0.0
257,coarse_grid_oracle,42.76,42.76,42.76,0.0,0.0,0.0
258,coarse_grid_oracle,61.16,58.08,58.08,3.0799999999999983,3.0799999999999983,0.0
259,coarse_grid_oracle,12.099999999999998,11.409999999999998,11.409999999999998,0.6899999999999995,0.6899999999999995,0.0
260,coarse_grid_oracle,52.91999999999999,50.47999999999999,50.47999999999999,2.4399999999999977,2.4399999999999977,0.0
261,coarse_grid_oracle,96.83000000000001,96.44000000000001,96.44000000000001,0.39000000000000057,0.39000000000000057,0.0
262,coarse_grid_oracle,25.080000000000002,25.080000000000002,25.080000000000002,0.0,0.0,0.0
263,coarse_grid_oracle,27.909999999999997,27.909999999999997,27.909999999999997,0.0,0.0,0.0
264,coarse_grid_oracle,23.360000000000003,21.14,21.14,2.2200000000000024,2.2200000000000024,0.0
265,coarse_grid_oracle,14.410000000000002,12.0,12.0,2.410000000000002,2.410000000000002,0.0
266,coarse_grid_oracle,56.42,49.28,49.28,7.140000000000001,7.140000000000001,0.0
267,coarse_grid_oracle,16.110000000000003,9.55,9.55,6.560000000000002,6.560000000000002,0.0
268,coarse_grid_oracle,11.839999999999998,11.839999999999998,11.839999999999998,0.0,0.0,0.0
269,coarse_grid_oracle,25.870000000000005,25.870000000000005,25.870000000000005,0.0,0.0,0.0
270,coarse_grid_oracle,49.88,46.03,46.03,3.8500000000000014,3.8500000000000014,0.0
271,coarse_grid_oracle,79.67,69.92,69.92,9.75,9.75,0.0
272,coarse_grid_oracle,72.49,69.86999999999999,69.86999999999999,2.6200000000000045,2.6200000000000045,0.0
273,coarse_grid_oracle,25.82,18.83,18.83,6.990000000000002,6.990000000000002,0.0
274,coarse_grid_oracle,59.46,53.77,53.77,5.689999999999998,5.689999999999998,0.0
275,coarse_grid_oracle,57.27,54.9,54.9,2.3700000000000045,2.3700000000000045,0.0
276,coarse_grid_oracle,27.919999999999998,21.72,21.72,6.199999999999999,6.199999999999999,0.0
277,coarse_grid_oracle,43.14,35.5,35.5,7.640000000000001,7.640000000000001,0.0
278,coarse_grid_oracle,48.900000000000006,48.900000000000006,48.900000000000006,0.0,0.0,0.0
279,coarse_grid_oracle,14.040000000000001,7.77,7.77,6.270000000000001,6.270000000000001,0.0
280,coarse_grid_oracle,48.199999999999996,39.97,39.97,8.229999999999997,8.229999999999997,0.0
281,coarse_grid_oracle,22.779999999999998,18.32,18.32,4.459999999999997,4.459999999999997,0.0
282,coarse_grid_oracle,17.29,10.66,10.66,6.629999999999999,6.629999999999999,0.0
283,coarse_grid_oracle,26.75,26.75,26.75,0.0,0.0,0.0
284,coarse_grid_oracle,11.340000000000002,11.340000000000002,11.340000000000002,0.0,0.0,0.0
285,coarse_grid_oracle,88.47999999999999,86.38,86.38,2.0999999999999943,2.0999999999999943,0.0
286,coarse_grid_oracle,62.24000000000001,58.56,58.56,3.680000000000007,3.680000000000007,0.0
287,coarse_grid_oracle,70.42,70.36,70.36,0.060000000000002274,0.060000000000002274,0.0
288,coarse_grid_oracle,13.100000000000001,13.100000000000001,13.100000000000001,0.0,0.0,0.0
289,coarse_grid_oracle,50.42,48.910000000000004,48.910000000000004,1.509999999999998,1.509999999999998,0.0
290,coarse_grid_oracle,85.31,81.97,81.97,3.3400000000000034,3.3400000000000034,0.0
291,coarse_grid_oracle,31.79,31.79,31.79,0.0,0.0,0.0
292,coarse_grid_oracle,49.620000000000005,45.980000000000004,45.980000000000004,3.6400000000000006,3.6400000000000006,0.0
293,coarse_grid_oracle,0.0,-12.260000000000005,-12.260000000000005,12.260000000000005,12.260000000000005,0.0
294,coarse_grid_oracle,32.56999999999999,25.159999999999997,25.159999999999997,7.409999999999997,7.409999999999997,0.0
295,coarse_grid_oracle,10.780000000000001,9.24,9.24,1.540000000000001,1.540000000000001,0.0
296,coarse_grid_oracle,74.64,69.71,69.71,4.930000000000007,4.930000000000007,0.0
297,coarse_grid_oracle,11.379999999999999,10.49,10.49,0.8899999999999988,0.8899999999999988,0.0
298,coarse_grid_oracle,23.779999999999998,22.299999999999997,22.299999999999997,1.4800000000000004,1.4800000000000004,0.0
299,coarse_grid_oracle,49.71,49.71,49.71,0.0,0.0,0.0
300,coarse_grid_oracle,22.49,19.029999999999998,19.029999999999998,3.460000000000001,3.460000000000001,0.0
301,coarse_grid_oracle,10.48,10.48,10.48,0.0,0.0,0.0
302,coarse_grid_oracle,14.900000000000002,13.030000000000001,13.030000000000001,1.870000000000001,1.870000000000001,0.0
303,coarse_grid_oracle,19.04,10.75,10.75,8.29,8.29,0.0
304,coarse_grid_oracle,57.510000000000005,49.82000000000001,49.82000000000001,7.689999999999998,7.689999999999998,0.0
305,coarse_grid_oracle,21.130000000000003,13.23,13.23,7.900000000000002,7.900000000000002,0.0
306,coarse_grid_oracle,25.25,21.959999999999997,21.959999999999997,3.2900000000000027,3.2900000000000027,0.0
307,coarse_grid_oracle,12.079999999999998,11.479999999999997,11.479999999999997,0.6000000000000014,0.6000000000000014,0.0
308,coarse_grid_oracle,28.89,16.91,16.91,11.98,11.98,0.0
309,coarse_grid_oracle,10.57,10.04,10.04,0.5300000000000011,0.5300000000000011,0.0
310,coarse_grid_oracle,58.87,52.15,52.15,6.719999999999999,6.719999999999999,0.0
311,coarse_grid_oracle,95.86,89.61,89.61,6.25,6.25,0.0
312,coarse_grid_oracle,30.46,20.860000000000003,20.860000000000003,9.599999999999998,9.599999999999998,0.0
313,coarse_grid_oracle,85.96000000000001,79.17,79.17,6.790000000000006,6.790000000000006,0.0
314,coarse_grid_oracle,42.72,40.5,40.5,2.219999999999999,2.219999999999999,0.0
315,coarse_grid_oracle,80.65,74.73,74.73,5.920000000000002,5.920000000000002,0.0
316,coarse_grid_oracle,13.3,10.84,10.84,2.460000000000001,2.460000000000001,0.0
317,coarse_grid_oracle,58.099999999999994,55.28999999999999,55.28999999999999,2.8100000000000023,2.8100000000000023,0.0
318,coarse_grid_oracle,92.60999999999999,86.66999999999999,86.66999999999999,5.939999999999998,5.939999999999998,0.0
319,coarse_grid_oracle,16.309999999999995,-28.200000000000003,-28.200000000000003,44.51,44.51,0.0
320,coarse_grid_oracle,11.45,9.85,9.85,1.5999999999999996,1.5999999999999996,0.0
321,coarse_grid_oracle,22.809999999999995,16.889999999999997,16.889999999999997,5.919999999999998,5.919999999999998,0.0
322,coarse_grid_oracle,60.25999999999999,53.38999999999999,53.38999999999999,6.869999999999997,6.869999999999997,0.0
323,coarse_grid_oracle,47.629999999999995,37.78,37.78,9.849999999999994,9.849999999999994,0.0
324,coarse_grid_oracle,97.5,97.5,97.5,0.0,0.0,0.0
325,coarse_grid_oracle,55.45,51.06,51.06,4.390000000000001,4.390000000000001,0.0
326,coarse_grid_oracle,15.840000000000002,6.630000000000003,6.630000000000003,9.209999999999999,9.209999999999999,0.0
327,coarse_grid_oracle,8.92,8.61,8.61,0.3100000000000005,0.3100000000000005,0.0
328,coarse_grid_oracle,80.9,80.78,80.78,0.12000000000000455,0.12000000000000455,0.0
329,coarse_grid_oracle,0.0,-12.339999999999996,-12.339999999999996,12.339999999999996,12.339999999999996,0.0
330,coarse_grid_oracle,51.839999999999996,51.839999999999996,51.839999999999996,0.0,0.0,0.0
331,coarse_grid_oracle,73.92,66.93,66.93,6.989999999999995,6.989999999999995,0.0
332,coarse_grid_oracle,87.75,87.75,87.75,0.0,0.0,0.0
333,coarse_grid_oracle,20.86,16.08,16.08,4.780000000000001,4.780000000000001,0.0
334,coarse_grid_oracle,21.689999999999998,21.29,21.29,0.3999999999999986,0.3999999999999986,0.0
335,coarse_grid_oracle,53.699999999999996,49.72,49.72,3.979999999999997,3.979999999999997,0.0
336,coarse_grid_oracle,26.179999999999996,26.179999999999996,26.179999999999996,0.0,0.0,0.0
337,coarse_grid_oracle,47.809999999999995,45.129999999999995,45.129999999999995,2.6799999999999997,2.6799999999999997,0.0
338,coarse_grid_oracle,79.17999999999999,79.17999999999999,79.17999999999999,0.0,0.0,0.0
339,coarse_grid_oracle,16.75,10.71,10.71,6.039999999999999,6.039999999999999,0.0
340,coarse_grid_oracle,13.280000000000008,-19.809999999999988,-19.809999999999988,33.089999999999996,33.089999999999996,0.0
341,coarse_grid_oracle,39.24,34.190000000000005,34.190000000000005,5.049999999999997,5.049999999999997,0.0
342,coarse_grid_oracle,18.86,18.740000000000002,18.740000000000002,0.11999999999999744,0.11999999999999744,0.0
343,coarse_grid_oracle,16.129999999999995,15.569999999999997,15.569999999999997,0.5599999999999987,0.5599999999999987,0.0
344,coarse_grid_oracle,44.71,44.71,44.71,0.0,0.0,0.0
345,coarse_grid_oracle,63.72,56.599999999999994,56.599999999999994,7.1200000000000045,7.1200000000000045,0.0
346,coarse_grid_oracle,69.97,62.53,62.53,7.439999999999998,7.439999999999998,0.0
347,coarse_grid_oracle,31.4,24.259999999999998,24.259999999999998,7.140000000000001,7.140000000000001,0.0
348,coarse_grid_oracle,36.91,36.66,36.66,0.25,0.25,0.0
349,coarse_grid_oracle,46.06,44.8,44.8,1.2600000000000051,1.2600000000000051,0.0
350,coarse_grid_oracle,18.939999999999998,18.31,18.31,0.629999999999999,0.629999999999999,0.0
351,coarse_grid_oracle,12.809999999999999,11.92,11.92,0.8899999999999988,0.8899999999999988,0.0
352,coarse_grid_oracle,0.0,-9.540000000000006,-9.540000000000006,9.540000000000006,9.540000000000006,0.0
353,coarse_grid_oracle,57.82000000000001,52.43000000000001,52.43000000000001,5.390000000000001,5.390000000000001,0.0
354,coarse_grid_oracle,15.709999999999999,11.469999999999999,11.469999999999999,4.24,4.24,0.0
355,coarse_grid_oracle,22.849999999999998,22.849999999999998,22.849999999999998,0.0,0.0,0.0
356,coarse_grid_oracle,20.96,20.96,20.96,0.0,0.0,0.0
357,coarse_grid_oracle,14.969999999999999,9.779999999999998,9.779999999999998,5.190000000000001,5.190000000000001,0.0
358,coarse_grid_oracle,22.549999999999997,22.549999999999997,22.549999999999997,0.0,0.0,0.0
359,coarse_grid_oracle,13.96,-29.03,-29.03,42.99,42.99,0.0
360,coarse_grid_oracle,42.11,40.09,40.09,2.019999999999996,2.019999999999996,0.0
361,coarse_grid_oracle,26.130000000000003,18.810000000000002,18.810000000000002,7.32,7.32,0.0
362,coarse_grid_oracle,30.28,26.58,26.58,3.700000000000003,3.700000000000003,0.0
363,coarse_grid_oracle,18.739999999999995,11.049999999999997,11.049999999999997,7.689999999999998,7.689999999999998,0.0
364,coarse_grid_oracle,20.759999999999998,14.9,14.9,5.859999999999998,5.859999999999998,0.0
365,coarse_grid_oracle,10.41,10.41,10.41,0.0,0.0,0.0
366,coarse_grid_oracle,10.07,9.620000000000001,9.620000000000001,0.4499999999999993,0.4499999999999993,0.0
367,coarse_grid_oracle,15.82,6.039999999999999,6.039999999999999,9.780000000000001,9.780000000000001,0.0
368,coarse_grid_oracle,86.54,78.21000000000001,78.21000000000001,8.329999999999998,8.329999999999998,0.0
369,coarse_grid_oracle,8.21,8.21,8.21,0.0,0.0,0.0
370,coarse_grid_oracle,96.33,92.09,92.09,4.239999999999995,4.239999999999995,0.0
371,coarse_grid_oracle,37.4,37.4,37.4,0.0,0.0,0.0
372,coarse_grid_oracle,104.18,95.15,95.15,9.030000000000001,9.030000000000001,0.0
373,coarse_grid_oracle,0.0,-16.129999999999995,-16.129999999999995,16.129999999999995,16.129999999999995,0.0
374,coarse_grid_oracle,51.39,41.89,41.89,9.5,9.5,0.0
375,coarse_grid_oracle,86.64,85.81,85.81,0.8299999999999983,0.8299999999999983,0.0
376,coarse_grid_oracle,86.2,79.99,79.99,6.210000000000008,6.210000000000008,0.0
377,coarse_grid_oracle,83.71,78.41999999999999,78.41999999999999,5.290000000000006,5.290000000000006,0.0
378,coarse_grid_oracle,107.75,107.01,107.01,0.7399999999999949,0.7399999999999949,0.0
379,coarse_grid_oracle,46.16,35.07,35.07,11.089999999999996,11.089999999999996,0.0
380,coarse_grid_oracle,29.8,25.840000000000003,25.840000000000003,3.9599999999999973,3.9599999999999973,0.0
381,coarse_grid_oracle,27.68,27.68,27.68,0.0,0.0,0.0
382,coarse_grid_oracle,8.69,8.69,8.69,0.0,0.0,0.0
383,coarse_grid_oracle,22.619999999999997,21.839999999999996,21.839999999999996,0.7800000000000011,0.7800000000000011,0.0
384,coarse_grid_oracle,53.91000000000001,43.81000000000001,43.81000000000001,10.100000000000001,10.100000000000001,0.0
385,coarse_grid_oracle,58.25,52.91,52.91,5.340000000000003,5.340000000000003,0.0
386,coarse_grid_oracle,45.26,45.26,45.26,0.0,0.0,0.0
387,coarse_grid_oracle,29.689999999999998,29.689999999999998,29.689999999999998,0.0,0.0,0.0
388,coarse_grid_oracle,47.5,42.040000000000006,42.040000000000006,5.459999999999994,5.459999999999994,0.0
389,coarse_grid_oracle,17.169999999999998,11.57,11.57,5.599999999999998,5.599999999999998,0.0
390,coarse_grid_oracle,9.39,8.96,8.96,0.4299999999999997,0.4299999999999997,0.0
391,coarse_grid_oracle,22.46,14.960000000000004,14.960000000000004,7.4999999999999964,7.4999999999999964,0.0
392,coarse_grid_oracle,0.0,-20.11,-20.11,20.11,20.11,0.0
393,coarse_grid_oracle,79.29,72.89,72.89,6.400000000000006,6.400000000000006,0.0
394,coarse_grid_oracle,23.57,22.689999999999998,22.689999999999998,0.8800000000000026,0.8800000000000026,0.0
395,coarse_grid_oracle,74.2,69.52,69.52,4.680000000000007,4.680000000000007,0.0
396,coarse_grid_oracle,23.03,18.65,18.65,4.380000000000003,4.380000000000003,0.0
397,coarse_grid_oracle,72.97999999999999,69.89999999999999,69.89999999999999,3.0799999999999983,3.0799999999999983,0.0
398,coarse_grid_oracle,22.259999999999998,22.259999999999998,22.259999999999998,0.0,0.0,0.0
399,coarse_grid_oracle,26.889999999999997,25.61,25.61,1.2799999999999976,1.2799999999999976,0.0
400,coarse_grid_oracle,51.36,48.0,48.0,3.3599999999999994,3.3599999999999994,0.0
401,coarse_grid_oracle,21.11,14.580000000000002,14.580000000000002,6.529999999999998,6.529999999999998,0.0
402,coarse_grid_oracle,46.63,46.63,46.63,0.0,0.0,0.0
403,coarse_grid_oracle,77.22,72.42999999999999,72.42999999999999,4.790000000000006,4.790000000000006,0.0
404,coarse_grid_oracle,8.32,8.32,8.32,0.0,0.0,0.0
405,coarse_grid_oracle,20.060000000000002,20.060000000000002,20.060000000000002,0.0,0.0,0.0
406,coarse_grid_oracle,16.740000000000002,13.650000000000002,13.650000000000002,3.09,3.09,0.0
407,coarse_grid_oracle,77.76,75.75,75.75,2.010000000000005,2.010000000000005,0.0
408,coarse_grid_oracle,23.700000000000003,19.93,19.93,3.770000000000003,3.770000000000003,0.0
409,coarse_grid_oracle,81.14999999999999,81.14999999999999,81.14999999999999,0.0,0.0,0.0
410,coarse_grid_oracle,82.02,71.72,71.72,10.299999999999997,10.299999999999997,0.0
411,coarse_grid_oracle,52.24,49.73,49.73,2.510000000000005,2.510000000000005,0.0
412,coarse_grid_oracle,9.14,8.65,8.65,0.4900000000000002,0.4900000000000002,0.0
413,coarse_grid_oracle,75.06,73.25999999999999,73.25999999999999,1.8000000000000114,1.8000000000000114,0.0
414,coarse_grid_oracle,24.38,21.13,21.13,3.25,3.25,0.0
415,coarse_grid_oracle,24.490000000000006,19.140000000000004,19.140000000000004,5.350000000000001,5.350000000000001,0.0
416,coarse_grid_oracle,42.970000000000006,36.2,36.2,6.770000000000003,6.770000000000003,0.0
417,coarse_grid_oracle,115.97,103.14999999999999,103.14999999999999,12.820000000000007,12.820000000000007,0.0
418,coarse_grid_oracle,18.87,13.650000000000002,13.650000000000002,5.219999999999999,5.219999999999999,0.0
419,coarse_grid_oracle,19.41,7.890000000000001,7.890000000000001,11.52,11.52,0.0
420,coarse_grid_oracle,9.21,9.21,9.21,0.0,0.0,0.0
421,coarse_grid_oracle,21.279999999999994,21.279999999999994,21.279999999999994,0.0,0.0,0.0
422,coarse_grid_oracle,15.03,9.719999999999999,9.719999999999999,5.3100000000000005,5.3100000000000005,0.0
423,coarse_grid_oracle,88.55,84.38,84.38,4.170000000000002,4.170000000000002,0.0
424,coarse_grid_oracle,54.56,52.75,52.75,1.8100000000000023,1.8100000000000023,0.0
425,coarse_grid_oracle,54.989999999999995,52.51,52.51,2.479999999999997,2.479999999999997,0.0
426,coarse_grid_oracle,83.2,80.17,80.17,3.030000000000001,3.030000000000001,0.0
427,coarse_grid_oracle,87.75999999999999,80.94999999999999,80.94999999999999,6.810000000000002,6.810000000000002,0.0
428,coarse_grid_oracle,77.61,72.1,72.1,5.510000000000005,5.510000000000005,0.0
429,coarse_grid_oracle,75.64,73.69999999999999,73.69999999999999,1.940000000000012,1.940000000000012,0.0
430,coarse_grid_oracle,29.350000000000005,26.630000000000003,26.630000000000003,2.7200000000000024,2.7200000000000024,0.0
431,coarse_grid_oracle,0.0,-35.06,-35.06,35.06,35.06,0.0
432,coarse_grid_oracle,40.71,38.57,38.57,2.1400000000000006,2.1400000000000006,0.0
433,coarse_grid_oracle,16.57,15.310000000000002,15.310000000000002,1.259999999999998,1.259999999999998,0.0
434,coarse_grid_oracle,19.279999999999994,-6.729999999999997,-6.729999999999997,26.00999999999999,26.00999999999999,0.0
435,coarse_grid_oracle,5.780000000000001,-41.470000000000006,-41.470000000000006,47.25000000000001,47.25000000000001,0.0
436,coarse_grid_oracle,26.58,25.689999999999998,25.689999999999998,0.8900000000000006,0.8900000000000006,0.0
437,coarse_grid_oracle,21.739999999999995,18.019999999999996,18.019999999999996,3.719999999999999,3.719999999999999,0.0
438,coarse_grid_oracle,91.03,85.61,85.61,5.420000000000002,5.420000000000002,0.0
439,coarse_grid_oracle,12.18,12.18,12.18,0.0,0.0,0.0
440,coarse_grid_oracle,78.78,71.63,71.63,7.150000000000006,7.150000000000006,0.0
441,coarse_grid_oracle,55.900000000000006,54.650000000000006,54.650000000000006,1.25,1.25,0.0
442,coarse_grid_oracle,21.31,15.629999999999999,15.629999999999999,5.68,5.68,0.0
443,coarse_grid_oracle,87.60000000000001,84.34,84.34,3.260000000000005,3.260000000000005,0.0
444,coarse_grid_oracle,10.61,9.100000000000001,9.100000000000001,1.509999999999998,1.509999999999998,0.0
445,coarse_grid_oracle,29.71,23.15,23.15,6.560000000000002,6.560000000000002,0.0
446,coarse_grid_oracle,40.540000000000006,38.56,38.56,1.980000000000004,1.980000000000004,0.0
447,coarse_grid_oracle,49.709999999999994,42.78,42.78,6.929999999999993,6.929999999999993,0.0
448,coarse_grid_oracle,55.61000000000001,51.50000000000001,51.50000000000001,4.109999999999999,4.109999999999999,0.0
449,coarse_grid_oracle,8.9,7.640000000000001,7.640000000000001,1.2599999999999998,1.2599999999999998,0.0
450,coarse_grid_oracle,12.43,10.649999999999999,10.649999999999999,1.7800000000000011,1.7800000000000011,0.0
451,coarse_grid_oracle,47.050000000000004,46.67,46.67,0.38000000000000256,0.38000000000000256,0.0
452,coarse_grid_oracle,65.51,65.48,65.48,0.030000000000001137,0.030000000000001137,0.0
453,coarse_grid_oracle,10.589999999999996,10.589999999999996,10.589999999999996,0.0,0.0,0.0
454,coarse_grid_oracle,21.67,11.350000000000001,11.350000000000001,10.32,10.32,0.0
455,coarse_grid_oracle,15.380000000000003,15.200000000000001,15.200000000000001,0.1800000000000015,0.1800000000000015,0.0
456,coarse_grid_oracle,73.05999999999999,68.13,68.13,4.929999999999993,4.929999999999993,0.0
457,coarse_grid_oracle,47.51,45.120000000000005,45.120000000000005,2.3899999999999935,2.3899999999999935,0.0
458,coarse_grid_oracle,15.04,13.41,13.41,1.629999999999999,1.629999999999999,0.0
459,coarse_grid_oracle,50.42999999999999,43.53,43.53,6.8999999999999915,6.8999999999999915,0.0
460,coarse_grid_oracle,51.1,51.06,51.06,0.03999999999999915,0.03999999999999915,0.0
461,coarse_grid_oracle,13.249999999999998,12.79,12.79,0.4599999999999991,0.4599999999999991,0.0
462,coarse_grid_oracle,17.66,14.630000000000003,14.630000000000003,3.0299999999999976,3.0299999999999976,0.0
463,coarse_grid_oracle,26.730000000000004,20.210000000000004,20.210000000000004,6.52,6.52,0.0
464,coarse_grid_oracle,31.880000000000003,28.08,28.08,3.8000000000000043,3.8000000000000043,0.0
465,coarse_grid_oracle,8.76,8.76,8.76,0.0,0.0,0.0
466,coarse_grid_oracle,9.0,9.0,9.0,0.0,0.0,0.0
467,coarse_grid_oracle,11.25,-22.330000000000005,-22.330000000000005,33.580000000000005,33.580000000000005,0.0
468,coarse_grid_oracle,54.43000000000001,51.230000000000004,51.230000000000004,3.200000000000003,3.200000000000003,0.0
469,coarse_grid_oracle,76.1,76.1,76.1,0.0,0.0,0.0
470,coarse_grid_oracle,40.839999999999996,34.769999999999996,34.769999999999996,6.07,6.07,0.0
471,coarse_grid_oracle,18.580000000000002,14.91,14.91,3.6700000000000017,3.6700000000000017,0.0
472,coarse_grid_oracle,76.99,66.1,66.1,10.89,10.89,0.0
473,coarse_grid_oracle,79.87,79.87,79.87,0.0,0.0,0.0
474,coarse_grid_oracle,25.720000000000002,18.020000000000003,18.020000000000003,7.699999999999999,7.699999999999999,0.0
475,coarse_grid_oracle,58.68,49.519999999999996,49.519999999999996,9.160000000000004,9.160000000000004,0.0
476,coarse_grid_oracle,50.86,49.71,49.71,1.1499999999999986,1.1499999999999986,0.0
477,coarse_grid_oracle,10.809999999999995,-40.260000000000005,-40.260000000000005,51.07,51.07,0.0
478,coarse_grid_oracle,12.850000000000001,12.32,12.32,0.5300000000000011,0.5300000000000011,0.0
479,coarse_grid_oracle,17.42,13.620000000000001,13.620000000000001,3.8000000000000007,3.8000000000000007,0.0
480,coarse_grid_oracle,20.5,18.009999999999998,18.009999999999998,2.490000000000002,2.490000000000002,0.0
481,coarse_grid_oracle,3.969999999999999,2.200000000000003,2.200000000000003,1.769999999999996,1.769999999999996,0.0
482,coarse_grid_oracle,9.98,9.89,9.89,0.08999999999999986,0.08999999999999986,0.0
483,coarse_grid_oracle,16.36,14.720000000000002,14.720000000000002,1.639999999999997,1.639999999999997,0.0
484,coarse_grid_oracle,22.290000000000003,20.950000000000003,20.950000000000003,1.3399999999999999,1.3399999999999999,0.0
485,coarse_grid_oracle,29.54,23.869999999999997,23.869999999999997,5.670000000000002,5.670000000000002,0.0
486,coarse_grid_oracle,10.399999999999999,10.399999999999999,10.399999999999999,0.0,0.0,0.0
487,coarse_grid_oracle,86.36000000000001,86.36000000000001,86.36000000000001,0.0,0.0,0.0
488,coarse_grid_oracle,52.74000000000001,50.25000000000001,50.25000000000001,2.490000000000002,2.490000000000002,0.0
489,coarse_grid_oracle,23.490000000000002,18.980000000000004,18.980000000000004,4.509999999999998,4.509999999999998,0.0
490,coarse_grid_oracle,101.81,92.69,92.69,9.120000000000005,9.120000000000005,0.0
491,coarse_grid_oracle,9.79,9.79,9.79,0.0,0.0,0.0
492,coarse_grid_oracle,73.84,69.64,69.64,4.200000000000003,4.200000000000003,0.0
493,coarse_grid_oracle,43.04,41.97,41.97,1.0700000000000003,1.0700000000000003,0.0
494,coarse_grid_oracle,0.0,-27.739999999999995,-27.739999999999995,27.739999999999995,27.739999999999995,0.0
495,coarse_grid_oracle,49.53999999999999,49.53999999999999,49.53999999999999,0.0,0.0,0.0
496,coarse_grid_oracle,46.830000000000005,38.28,38.28,8.550000000000004,8.550000000000004,0.0
497,coarse_grid_oracle,23.270000000000003,23.07,23.07,0.20000000000000284,0.20000000000000284,0.0
498,coarse_grid_oracle,50.1,43.0,43.0,7.100000000000001,7.100000000000001,0.0
499,coarse_grid_oracle,41.53,41.53,41.53,0.0,0.0,0.0
0,fine_wtp_grid_oracle,25.059999999999995,24.439999999999998,24.439999999999998,0.6199999999999974,0.6199999999999974,0.0
1,fine_wtp_grid_oracle,79.2,76.0,76.0,3.200000000000003,3.200000000000003,0.0
2,fine_wtp_grid_oracle,22.21,16.75,16.75,5.460000000000001,5.460000000000001,0.0
3,fine_wtp_grid_oracle,17.58,17.58,17.58,0.0,0.0,0.0
4,fine_wtp_grid_oracle,24.49,23.13,23.13,1.3599999999999994,1.3599999999999994,0.0
5,fine_wtp_grid_oracle,51.080000000000005,47.38,47.38,3.700000000000003,3.700000000000003,0.0
6,fine_wtp_grid_oracle,14.719999999999999,11.870000000000001,11.870000000000001,2.849999999999998,2.849999999999998,0.0
7,fine_wtp_grid_oracle,15.159999999999997,-5.150000000000006,-5.150000000000006,20.310000000000002,20.310000000000002,0.0
8,fine_wtp_grid_oracle,71.15,66.92,66.92,4.230000000000004,4.230000000000004,0.0
9,fine_wtp_grid_oracle,49.35,44.879999999999995,44.879999999999995,4.470000000000006,4.470000000000006,0.0
10,fine_wtp_grid_oracle,34.53,34.53,34.53,0.0,0.0,0.0
11,fine_wtp_grid_oracle,41.489999999999995,38.08,38.08,3.4099999999999966,3.4099999999999966,0.0
12,fine_wtp_grid_oracle,22.51,16.6,16.6,5.91,5.91,0.0
13,fine_wtp_grid_oracle,43.099999999999994,43.099999999999994,43.099999999999994,0.0,0.0,0.0
14,fine_wtp_grid_oracle,4.1399999999999935,-10.590000000000003,-10.590000000000003,14.729999999999997,14.729999999999997,0.0
15,fine_wtp_grid_oracle,22.970000000000002,19.96,19.96,3.0100000000000016,3.0100000000000016,0.0
16,fine_wtp_grid_oracle,12.520000000000001,11.77,11.77,0.7500000000000018,0.7500000000000018,0.0
17,fine_wtp_grid_oracle,30.220000000000006,27.130000000000003,27.130000000000003,3.0900000000000034,3.0900000000000034,0.0
18,fine_wtp_grid_oracle,4.020000000000003,-33.54999999999999,-33.54999999999999,37.56999999999999,37.56999999999999,0.0
19,fine_wtp_grid_oracle,16.909999999999997,-17.220000000000006,-17.220000000000006,34.13,34.13,0.0
20,fine_wtp_grid_oracle,21.15,19.74,19.74,1.4100000000000001,1.4100000000000001,0.0
21,fine_wtp_grid_oracle,47.47,43.66,43.66,3.8100000000000023,3.8100000000000023,0.0
22,fine_wtp_grid_oracle,11.059999999999999,11.059999999999999,11.059999999999999,0.0,0.0,0.0
23,fine_wtp_grid_oracle,7.480000000000004,-17.39,-17.39,24.870000000000005,24.870000000000005,0.0
24,fine_wtp_grid_oracle,5.69,5.53,5.53,0.16000000000000014,0.16000000000000014,0.0
25,fine_wtp_grid_oracle,20.159999999999997,-4.790000000000006,-4.790000000000006,24.950000000000003,24.950000000000003,0.0
26,fine_wtp_grid_oracle,105.03,100.67000000000002,100.67000000000002,4.359999999999985,4.359999999999985,0.0
27,fine_wtp_grid_oracle,53.290000000000006,52.220000000000006,52.220000000000006,1.0700000000000003,1.0700000000000003,0.0
28,fine_wtp_grid_oracle,50.26,43.31999999999999,43.31999999999999,6.940000000000005,6.940000000000005,0.0
29,fine_wtp_grid_oracle,53.75,50.699999999999996,50.699999999999996,3.0500000000000043,3.0500000000000043,0.0
30,fine_wtp_grid_oracle,52.71,52.03,52.03,0.6799999999999997,0.6799999999999997,0.0
31,fine_wtp_grid_oracle,12.45,11.16,11.16,1.2899999999999991,1.2899999999999991,0.0
32,fine_wtp_grid_oracle,25.21,19.43,19.43,5.780000000000001,5.780000000000001,0.0
33,fine_wtp_grid_oracle,19.549999999999997,18.009999999999998,18.009999999999998,1.5399999999999991,1.5399999999999991,0.0
34,fine_wtp_grid_oracle,95.58,93.80000000000001,93.80000000000001,1.779999999999987,1.779999999999987,0.0
35,fine_wtp_grid_oracle,50.60000000000001,45.760000000000005,45.760000000000005,4.840000000000003,4.840000000000003,0.0
36,fine_wtp_grid_oracle,70.81,70.81,70.81,0.0,0.0,0.0
37,fine_wtp_grid_oracle,64.69,57.47,57.47,7.219999999999999,7.219999999999999,0.0
38,fine_wtp_grid_oracle,1.4299999999999997,-3.719999999999999,-3.719999999999999,5.149999999999999,5.149999999999999,0.0
39,fine_wtp_grid_oracle,7.869999999999999,6.309999999999999,6.309999999999999,1.5600000000000005,1.5600000000000005,0.0
40,fine_wtp_grid_oracle,0.0,-20.07,-20.07,20.07,20.07,0.0
41,fine_wtp_grid_oracle,27.5,27.5,27.5,0.0,0.0,0.0
42,fine_wtp_grid_oracle,12.189999999999998,10.559999999999999,10.559999999999999,1.629999999999999,1.629999999999999,0.0
43,fine_wtp_grid_oracle,46.76,46.76,46.76,0.0,0.0,0.0
44,fine_wtp_grid_oracle,24.439999999999998,24.1,24.1,0.3399999999999963,0.3399999999999963,0.0
45,fine_wtp_grid_oracle,64.99999999999999,59.959999999999994,59.959999999999994,5.039999999999992,5.039999999999992,0.0
46,fine_wtp_grid_oracle,49.48,40.56999999999999,40.56999999999999,8.910000000000004,8.910000000000004,0.0
47,fine_wtp_grid_oracle,50.08,49.41,49.41,0.6700000000000017,0.6700000000000017,0.0
48,fine_wtp_grid_oracle,13.910000000000002,12.670000000000002,12.670000000000002,1.2400000000000002,1.2400000000000002,0.0
49,fine_wtp_grid_oracle,0.0,-0.8700000000000045,-0.8700000000000045,0.8700000000000045,0.8700000000000045,0.0
50,fine_wtp_grid_oracle,48.599999999999994,48.599999999999994,48.599999999999994,0.0,0.0,0.0
51,fine_wtp_grid_oracle,27.37,24.09,24.09,3.280000000000001,3.280000000000001,0.0
52,fine_wtp_grid_oracle,32.57,30.400000000000002,30.400000000000002,2.169999999999998,2.169999999999998,0.0
53,fine_wtp_grid_oracle,8.740000000000002,8.740000000000002,8.740000000000002,0.0,0.0,0.0
54,fine_wtp_grid_oracle,54.46,41.5,41.5,12.96,12.96,0.0
55,fine_wtp_grid_oracle,16.61,16.479999999999997,16.479999999999997,0.13000000000000256,0.13000000000000256,0.0
56,fine_wtp_grid_oracle,33.79,28.55,28.55,5.239999999999998,5.239999999999998,0.0
57,fine_wtp_grid_oracle,12.69,12.69,12.69,0.0,0.0,0.0
58,fine_wtp_grid_oracle,13.62,12.79,12.79,0.8300000000000001,0.8300000000000001,0.0
59,fine_wtp_grid_oracle,20.659999999999997,20.659999999999997,20.659999999999997,0.0,0.0,0.0
60,fine_wtp_grid_oracle,52.06,45.75,45.75,6.310000000000002,6.310000000000002,0.0
61,fine_wtp_grid_oracle,75.31,75.31,75.31,0.0,0.0,0.0
62,fine_wtp_grid_oracle,0.0,-29.78,-29.78,29.78,29.78,0.0
63,fine_wtp_grid_oracle,20.990000000000002,16.66,16.66,4.330000000000002,4.330000000000002,0.0
64,fine_wtp_grid_oracle,87.42,84.55,84.55,2.8700000000000045,2.8700000000000045,0.0
65,fine_wtp_grid_oracle,17.6,17.6,17.6,0.0,0.0,0.0
66,fine_wtp_grid_oracle,10.850000000000001,9.59,9.59,1.2600000000000016,1.2600000000000016,0.0
67,fine_wtp_grid_oracle,19.97,12.400000000000002,12.400000000000002,7.569999999999997,7.569999999999997,0.0
68,fine_wtp_grid_oracle,21.65,21.65,21.65,0.0,0.0,0.0
69,fine_wtp_grid_oracle,48.150000000000006,47.050000000000004,47.050000000000004,1.1000000000000014,1.1000000000000014,0.0
70,fine_wtp_grid_oracle,28.180000000000003,24.070000000000004,24.070000000000004,4.109999999999999,4.109999999999999,0.0
71,fine_wtp_grid_oracle,9.0,8.420000000000002,8.420000000000002,0.5799999999999983,0.5799999999999983,0.0
72,fine_wtp_grid_oracle,37.43,37.43,37.43,0.0,0.0,0.0
73,fine_wtp_grid_oracle,49.5,49.260000000000005,49.260000000000005,0.23999999999999488,0.23999999999999488,0.0
74,fine_wtp_grid_oracle,0.0,-19.099999999999994,-19.099999999999994,19.099999999999994,19.099999999999994,0.0
75,fine_wtp_grid_oracle,41.830000000000005,41.830000000000005,41.830000000000005,0.0,0.0,0.0
76,fine_wtp_grid_oracle,10.149999999999999,9.329999999999998,9.329999999999998,0.8200000000000003,0.8200000000000003,0.0
77,fine_wtp_grid_oracle,86.5,86.5,86.5,0.0,0.0,0.0
78,fine_wtp_grid_oracle,7.450000000000003,-18.709999999999994,-18.709999999999994,26.159999999999997,26.159999999999997,0.0
79,fine_wtp_grid_oracle,2.4299999999999997,-10.489999999999995,-10.489999999999995,12.919999999999995,12.919999999999995,0.0
80,fine_wtp_grid_oracle,89.78,85.37,85.37,4.409999999999997,4.409999999999997,0.0
81,fine_wtp_grid_oracle,41.54,41.54,41.54,0.0,0.0,0.0
82,fine_wtp_grid_oracle,94.23,88.48,88.48,5.75,5.75,0.0
83,fine_wtp_grid_oracle,93.09,88.37,88.37,4.719999999999999,4.719999999999999,0.0
84,fine_wtp_grid_oracle,24.540000000000006,22.920000000000005,22.920000000000005,1.620000000000001,1.620000000000001,0.0
85,fine_wtp_grid_oracle,27.380000000000003,17.660000000000004,17.660000000000004,9.719999999999999,9.719999999999999,0.0
86,fine_wtp_grid_oracle,13.570000000000002,13.570000000000002,13.570000000000002,0.0,0.0,0.0
87,fine_wtp_grid_oracle,50.599999999999994,44.56999999999999,44.56999999999999,6.030000000000001,6.030000000000001,0.0
88,fine_wtp_grid_oracle,18.840000000000003,15.760000000000003,15.760000000000003,3.08,3.08,0.0
89,fine_wtp_grid_oracle,27.669999999999998,24.849999999999998,24.849999999999998,2.8200000000000003,2.8200000000000003,0.0
90,fine_wtp_grid_oracle,26.630000000000003,24.07,24.07,2.5600000000000023,2.5600000000000023,0.0
91,fine_wtp_grid_oracle,92.04,92.04,92.04,0.0,0.0,0.0
92,fine_wtp_grid_oracle,50.55,42.309999999999995,42.309999999999995,8.240000000000002,8.240000000000002,0.0
93,fine_wtp_grid_oracle,81.78,72.36,72.36,9.420000000000002,9.420000000000002,0.0
94,fine_wtp_grid_oracle,27.370000000000005,26.470000000000006,26.470000000000006,0.8999999999999986,0.8999999999999986,0.0
95,fine_wtp_grid_oracle,19.93,5.149999999999999,5.149999999999999,14.780000000000001,14.780000000000001,0.0
96,fine_wtp_grid_oracle,35.08,25.310000000000002,25.310000000000002,9.769999999999996,9.769999999999996,0.0
97,fine_wtp_grid_oracle,27.33,27.33,27.33,0.0,0.0,0.0
98,fine_wtp_grid_oracle,16.96,10.110000000000003,10.110000000000003,6.849999999999998,6.849999999999998,0.0
99,fine_wtp_grid_oracle,16.409999999999997,12.999999999999996,12.999999999999996,3.41,3.41,0.0
100,fine_wtp_grid_oracle,28.97,21.689999999999998,21.689999999999998,7.280000000000001,7.280000000000001,0.0
101,fine_wtp_grid_oracle,73.31,68.06,68.06,5.25,5.25,0.0
102,fine_wtp_grid_oracle,50.83,50.83,50.83,0.0,0.0,0.0
103,fine_wtp_grid_oracle,49.22,46.050000000000004,46.050000000000004,3.1699999999999946,3.1699999999999946,0.0
104,fine_wtp_grid_oracle,43.440000000000005,37.33,37.33,6.1100000000000065,6.1100000000000065,0.0
105,fine_wtp_grid_oracle,54.190000000000005,54.190000000000005,54.190000000000005,0.0,0.0,0.0
106,fine_wtp_grid_oracle,13.389999999999999,9.879999999999999,9.879999999999999,3.51,3.51,0.0
107,fine_wtp_grid_oracle,12.1,10.6,10.6,1.5,1.5,0.0
108,fine_wtp_grid_oracle,55.56,54.43000000000001,54.43000000000001,1.1299999999999955,1.1299999999999955,0.0
109,fine_wtp_grid_oracle,8.42,8.42,8.42,0.0,0.0,0.0
110,fine_wtp_grid_oracle,55.51,52.81999999999999,52.81999999999999,2.690000000000005,2.690000000000005,0.0
111,fine_wtp_grid_oracle,28.800000000000004,20.880000000000003,20.880000000000003,7.920000000000002,7.920000000000002,0.0
112,fine_wtp_grid_oracle,25.230000000000004,23.720000000000006,23.720000000000006,1.509999999999998,1.509999999999998,0.0
113,fine_wtp_grid_oracle,30.15,26.929999999999996,26.929999999999996,3.2200000000000024,3.2200000000000024,0.0
114,fine_wtp_grid_oracle,63.040000000000006,55.290000000000006,55.290000000000006,7.75,7.75,0.0
115,fine_wtp_grid_oracle,50.620000000000005,44.970000000000006,44.970000000000006,5.649999999999999,5.649999999999999,0.0
116,fine_wtp_grid_oracle,10.79,8.93,8.93,1.8599999999999994,1.8599999999999994,0.0
117,fine_wtp_grid_oracle,44.620000000000005,43.2,43.2,1.4200000000000017,1.4200000000000017,0.0
118,fine_wtp_grid_oracle,12.83,11.129999999999999,11.129999999999999,1.700000000000001,1.700000000000001,0.0
119,fine_wtp_grid_oracle,12.24,11.86,11.86,0.3800000000000008,0.3800000000000008,0.0
120,fine_wtp_grid_oracle,12.69,11.35,11.35,1.3399999999999999,1.3399999999999999,0.0
121,fine_wtp_grid_oracle,0.0,-11.150000000000006,-11.150000000000006,11.150000000000006,11.150000000000006,0.0
122,fine_wtp_grid_oracle,44.15,41.839999999999996,41.839999999999996,2.3100000000000023,2.3100000000000023,0.0
123,fine_wtp_grid_oracle,71.75,71.75,71.75,0.0,0.0,0.0
124,fine_wtp_grid_oracle,19.110000000000003,19.110000000000003,19.110000000000003,0.0,0.0,0.0
125,fine_wtp_grid_oracle,21.29,18.97,18.97,2.3200000000000003,2.3200000000000003,0.0
126,fine_wtp_grid_oracle,27.39,24.490000000000002,24.490000000000002,2.8999999999999986,2.8999999999999986,0.0
127,fine_wtp_grid_oracle,67.41,67.41,67.41,0.0,0.0,0.0
128,fine_wtp_grid_oracle,12.29,8.369999999999997,8.369999999999997,3.9200000000000017,3.9200000000000017,0.0
129,fine_wtp_grid_oracle,42.410000000000004,34.28,34.28,8.130000000000003,8.130000000000003,0.0
130,fine_wtp_grid_oracle,52.94,47.03,47.03,5.909999999999997,5.909999999999997,0.0
131,fine_wtp_grid_oracle,36.08,29.700000000000003,29.700000000000003,6.3799999999999955,6.3799999999999955,0.0
132,fine_wtp_grid_oracle,19.419999999999998,17.169999999999998,17.169999999999998,2.25,2.25,0.0
133,fine_wtp_grid_oracle,32.21000000000001,26.210000000000004,26.210000000000004,6.0000000000000036,6.0000000000000036,0.0
134,fine_wtp_grid_oracle,54.27,49.260000000000005,49.260000000000005,5.009999999999998,5.009999999999998,0.0
135,fine_wtp_grid_oracle,72.89,70.75,70.75,2.1400000000000006,2.1400000000000006,0.0
136,fine_wtp_grid_oracle,30.609999999999996,23.219999999999995,23.219999999999995,7.390000000000001,7.390000000000001,0.0
137,fine_wtp_grid_oracle,24.440000000000005,22.700000000000003,22.700000000000003,1.740000000000002,1.740000000000002,0.0
138,fine_wtp_grid_oracle,12.37,12.37,12.37,0.0,0.0,0.0
139,fine_wtp_grid_oracle,68.98,63.60000000000001,63.60000000000001,5.3799999999999955,5.3799999999999955,0.0
140,fine_wtp_grid_oracle,61.66,59.76,59.76,1.8999999999999986,1.8999999999999986,0.0
141,fine_wtp_grid_oracle,91.55000000000001,91.55000000000001,91.55000000000001,0.0,0.0,0.0
142,fine_wtp_grid_oracle,0.0,-2.9299999999999997,-2.9299999999999997,2.9299999999999997,2.9299999999999997,0.0
143,fine_wtp_grid_oracle,78.50999999999999,78.50999999999999,78.50999999999999,0.0,0.0,0.0
144,fine_wtp_grid_oracle,55.31,55.31,55.31,0.0,0.0,0.0
145,fine_wtp_grid_oracle,63.57,53.44,53.44,10.130000000000003,10.130000000000003,0.0
146,fine_wtp_grid_oracle,25.919999999999995,21.619999999999997,21.619999999999997,4.299999999999997,4.299999999999997,0.0
147,fine_wtp_grid_oracle,9.14,8.91,8.91,0.23000000000000043,0.23000000000000043,0.0
148,fine_wtp_grid_oracle,13.340000000000002,11.170000000000002,11.170000000000002,2.17,2.17,0.0
149,fine_wtp_grid_oracle,13.709999999999997,11.04,11.04,2.669999999999998,2.669999999999998,0.0
150,fine_wtp_grid_oracle,55.129999999999995,55.129999999999995,55.129999999999995,0.0,0.0,0.0
151,fine_wtp_grid_oracle,27.07,15.46,15.46,11.61,11.61,0.0
152,fine_wtp_grid_oracle,12.679999999999998,11.459999999999997,11.459999999999997,1.2200000000000006,1.2200000000000006,0.0
153,fine_wtp_grid_oracle,44.66,39.730000000000004,39.730000000000004,4.929999999999993,4.929999999999993,0.0
154,fine_wtp_grid_oracle,73.83,67.22,67.22,6.609999999999999,6.609999999999999,0.0
155,fine_wtp_grid_oracle,77.27000000000001,74.52000000000001,74.52000000000001,2.75,2.75,0.0
156,fine_wtp_grid_oracle,73.01,70.07000000000001,70.07000000000001,2.9399999999999977,2.9399999999999977,0.0
157,fine_wtp_grid_oracle,11.6,7.209999999999997,7.209999999999997,4.390000000000002,4.390000000000002,0.0
158,fine_wtp_grid_oracle,48.18,43.79,43.79,4.390000000000001,4.390000000000001,0.0
159,fine_wtp_grid_oracle,26.26,23.67,23.67,2.59,2.59,0.0
160,fine_wtp_grid_oracle,53.809999999999995,51.41,51.41,2.3999999999999986,2.3999999999999986,0.0
161,fine_wtp_grid_oracle,16.05,16.05,16.05,0.0,0.0,0.0
162,fine_wtp_grid_oracle,47.45,47.45,47.45,0.0,0.0,0.0
163,fine_wtp_grid_oracle,42.48,38.56,38.56,3.9199999999999946,3.9199999999999946,0.0
164,fine_wtp_grid_oracle,55.03,52.97,52.97,2.0600000000000023,2.0600000000000023,0.0
165,fine_wtp_grid_oracle,48.410000000000004,48.410000000000004,48.410000000000004,0.0,0.0,0.0
166,fine_wtp_grid_oracle,10.76,10.34,10.34,0.41999999999999993,0.41999999999999993,0.0
167,fine_wtp_grid_oracle,46.89,36.95,36.95,9.939999999999998,9.939999999999998,0.0
168,fine_wtp_grid_oracle,78.25,78.25,78.25,0.0,0.0,0.0
169,fine_wtp_grid_oracle,12.9,10.98,10.98,1.92,1.92,0.0
170,fine_wtp_grid_oracle,20.110000000000003,20.110000000000003,20.110000000000003,0.0,0.0,0.0
171,fine_wtp_grid_oracle,73.16,72.66,72.66,0.5,0.5,0.0
172,fine_wtp_grid_oracle,25.440000000000005,22.300000000000004,22.300000000000004,3.1400000000000006,3.1400000000000006,0.0
173,fine_wtp_grid_oracle,60.22999999999999,60.22999999999999,60.22999999999999,0.0,0.0,0.0
174,fine_wtp_grid_oracle,9.08,9.08,9.08,0.0,0.0,0.0
175,fine_wtp_grid_oracle,79.35000000000001,78.7,78.7,0.6500000000000057,0.6500000000000057,0.0
176,fine_wtp_grid_oracle,31.450000000000003,31.450000000000003,31.450000000000003,0.0,0.0,0.0
177,fine_wtp_grid_oracle,43.69,42.12,42.12,1.5700000000000003,1.5700000000000003,0.0
178,fine_wtp_grid_oracle,10.959999999999999,8.809999999999999,8.809999999999999,2.1500000000000004,2.1500000000000004,0.0
179,fine_wtp_grid_oracle,58.93000000000001,58.93000000000001,58.93000000000001,0.0,0.0,0.0
180,fine_wtp_grid_oracle,78.65,74.79,74.79,3.8599999999999994,3.8599999999999994,0.0
181,fine_wtp_grid_oracle,22.53,18.180000000000003,18.180000000000003,4.349999999999998,4.349999999999998,0.0
182,fine_wtp_grid_oracle,16.85,13.010000000000002,13.010000000000002,3.84,3.84,0.0
183,fine_wtp_grid_oracle,74.87,74.87,74.87,0.0,0.0,0.0
184,fine_wtp_grid_oracle,11.999999999999998,9.39,9.39,2.6099999999999977,2.6099999999999977,0.0
185,fine_wtp_grid_oracle,21.45,19.93,19.93,1.5199999999999996,1.5199999999999996,0.0
186,fine_wtp_grid_oracle,0.0,-5.609999999999999,-5.609999999999999,5.609999999999999,5.609999999999999,0.0
187,fine_wtp_grid_oracle,11.990000000000002,6.640000000000001,6.640000000000001,5.350000000000001,5.350000000000001,0.0
188,fine_wtp_grid_oracle,93.56,87.76,87.76,5.799999999999997,5.799999999999997,0.0
189,fine_wtp_grid_oracle,31.07,25.54,25.54,5.530000000000001,5.530000000000001,0.0
190,fine_wtp_grid_oracle,67.38,59.42,59.42,7.959999999999994,7.959999999999994,0.0
191,fine_wtp_grid_oracle,50.11,47.870000000000005,47.870000000000005,2.239999999999995,2.239999999999995,0.0
192,fine_wtp_grid_oracle,11.58,10.16,10.16,1.42,1.42,0.0
193,fine_wtp_grid_oracle,26.33,24.39,24.39,1.9399999999999977,1.9399999999999977,0.0
194,fine_wtp_grid_oracle,92.30999999999999,88.02999999999999,88.02999999999999,4.280000000000001,4.280000000000001,0.0
195,fine_wtp_grid_oracle,17.04,10.580000000000002,10.580000000000002,6.459999999999997,6.459999999999997,0.0
196,fine_wtp_grid_oracle,16.279999999999998,15.399999999999999,15.399999999999999,0.879999999999999,0.879999999999999,0.0
197,fine_wtp_grid_oracle,13.169999999999998,11.59,11.59,1.5799999999999983,1.5799999999999983,0.0
198,fine_wtp_grid_oracle,81.27,81.17999999999999,81.17999999999999,0.09000000000000341,0.09000000000000341,0.0
199,fine_wtp_grid_oracle,85.57,81.03999999999999,81.03999999999999,4.530000000000001,4.530000000000001,0.0
200,fine_wtp_grid_oracle,14.180000000000001,11.810000000000002,11.810000000000002,2.369999999999999,2.369999999999999,0.0
201,fine_wtp_grid_oracle,5.840000000000003,-37.199999999999996,-37.199999999999996,43.04,43.04,0.0
202,fine_wtp_grid_oracle,12.02,10.709999999999999,10.709999999999999,1.3100000000000005,1.3100000000000005,0.0
203,fine_wtp_grid_oracle,6.240000000000002,-3.8699999999999974,-3.8699999999999974,10.11,10.11,0.0
204,fine_wtp_grid_oracle,80.85,80.85,80.85,0.0,0.0,0.0
205,fine_wtp_grid_oracle,47.81,42.849999999999994,42.849999999999994,4.960000000000008,4.960000000000008,0.0
206,fine_wtp_grid_oracle,20.159999999999997,16.659999999999997,16.659999999999997,3.5,3.5,0.0
207,fine_wtp_grid_oracle,80.47999999999999,77.02,77.02,3.4599999999999937,3.4599999999999937,0.0
208,fine_wtp_grid_oracle,66.91,64.87,64.87,2.039999999999992,2.039999999999992,0.0
209,fine_wtp_grid_oracle,88.65,80.17999999999999,80.17999999999999,8.470000000000013,8.470000000000013,0.0
210,fine_wtp_grid_oracle,21.479999999999997,17.939999999999998,17.939999999999998,3.539999999999999,3.539999999999999,0.0
211,fine_wtp_grid_oracle,34.86,28.74,28.74,6.120000000000001,6.120000000000001,0.0
212,fine_wtp_grid_oracle,78.82000000000001,74.05000000000001,74.05000000000001,4.769999999999996,4.769999999999996,0.0
213,fine_wtp_grid_oracle,53.470000000000006,52.81,52.81,0.6600000000000037,0.6600000000000037,0.0
214,fine_wtp_grid_oracle,53.88,53.88,53.88,0.0,0.0,0.0
215,fine_wtp_grid_oracle,23.799999999999997,23.799999999999997,23.799999999999997,0.0,0.0,0.0
216,fine_wtp_grid_oracle,75.22,68.03,68.03,7.189999999999998,7.189999999999998,0.0
217,fine_wtp_grid_oracle,22.53,21.169999999999998,21.169999999999998,1.360000000000003,1.360000000000003,0.0
218,fine_wtp_grid_oracle,45.660000000000004,45.260000000000005,45.260000000000005,0.3999999999999986,0.3999999999999986,0.0
219,fine_wtp_grid_oracle,62.099999999999994,62.099999999999994,62.099999999999994,0.0,0.0,0.0
220,fine_wtp_grid_oracle,15.29,12.49,12.49,2.799999999999999,2.799999999999999,0.0
221,fine_wtp_grid_oracle,110.81000000000002,102.39000000000001,102.39000000000001,8.420000000000002,8.420000000000002,0.0
222,fine_wtp_grid_oracle,8.780000000000001,8.780000000000001,8.780000000000001,0.0,0.0,0.0
223,fine_wtp_grid_oracle,61.160000000000004,57.980000000000004,57.980000000000004,3.1799999999999997,3.1799999999999997,0.0
224,fine_wtp_grid_oracle,90.24000000000001,82.67,82.67,7.570000000000007,7.570000000000007,0.0
225,fine_wtp_grid_oracle,8.239999999999998,8.239999999999998,8.239999999999998,0.0,0.0,0.0
226,fine_wtp_grid_oracle,81.72,81.72,81.72,0.0,0.0,0.0
227,fine_wtp_grid_oracle,11.590000000000003,-19.129999999999995,-19.129999999999995,30.72,30.72,0.0
228,fine_wtp_grid_oracle,8.689999999999998,-6.130000000000003,-6.130000000000003,14.82,14.82,0.0
229,fine_wtp_grid_oracle,46.44,46.44,46.44,0.0,0.0,0.0
230,fine_wtp_grid_oracle,6.030000000000001,-30.189999999999998,-30.189999999999998,36.22,36.22,0.0
231,fine_wtp_grid_oracle,26.130000000000003,26.130000000000003,26.130000000000003,0.0,0.0,0.0
232,fine_wtp_grid_oracle,31.34,26.86,26.86,4.48,4.48,0.0
233,fine_wtp_grid_oracle,13.34,10.6,10.6,2.74,2.74,0.0
234,fine_wtp_grid_oracle,26.560000000000002,23.72,23.72,2.8400000000000034,2.8400000000000034,0.0
235,fine_wtp_grid_oracle,1.1599999999999966,-21.020000000000003,-21.020000000000003,22.18,22.18,0.0
236,fine_wtp_grid_oracle,14.790000000000001,7.73,7.73,7.0600000000000005,7.0600000000000005,0.0
237,fine_wtp_grid_oracle,89.78999999999999,87.47999999999999,87.47999999999999,2.3100000000000023,2.3100000000000023,0.0
238,fine_wtp_grid_oracle,50.27,47.78,47.78,2.490000000000002,2.490000000000002,0.0
239,fine_wtp_grid_oracle,78.13,71.53,71.53,6.599999999999994,6.599999999999994,0.0
240,fine_wtp_grid_oracle,90.19,84.75,84.75,5.439999999999998,5.439999999999998,0.0
241,fine_wtp_grid_oracle,80.88999999999999,70.1,70.1,10.789999999999992,10.789999999999992,0.0
242,fine_wtp_grid_oracle,70.93,70.93,70.93,0.0,0.0,0.0
243,fine_wtp_grid_oracle,59.379999999999995,59.379999999999995,59.379999999999995,0.0,0.0,0.0
244,fine_wtp_grid_oracle,80.91,77.60999999999999,77.60999999999999,3.3000000000000114,3.3000000000000114,0.0
245,fine_wtp_grid_oracle,9.759999999999998,9.759999999999998,9.759999999999998,0.0,0.0,0.0
246,fine_wtp_grid_oracle,94.33000000000001,89.16000000000001,89.16000000000001,5.170000000000002,5.170000000000002,0.0
247,fine_wtp_grid_oracle,46.7,40.38,40.38,6.32,6.32,0.0
248,fine_wtp_grid_oracle,60.24999999999999,52.24999999999999,52.24999999999999,8.0,8.0,0.0
249,fine_wtp_grid_oracle,18.03,14.530000000000001,14.530000000000001,3.5,3.5,0.0
250,fine_wtp_grid_oracle,65.25999999999999,59.01,59.01,6.249999999999993,6.249999999999993,0.0
251,fine_wtp_grid_oracle,12.18,11.059999999999999,11.059999999999999,1.120000000000001,1.120000000000001,0.0
252,fine_wtp_grid_oracle,9.629999999999999,9.629999999999999,9.629999999999999,0.0,0.0,0.0
253,fine_wtp_grid_oracle,14.54,12.7,12.7,1.8399999999999999,1.8399999999999999,0.0
254,fine_wtp_grid_oracle,51.32000000000001,45.85000000000001,45.85000000000001,5.469999999999999,5.469999999999999,0.0
255,fine_wtp_grid_oracle,39.94,34.41,34.41,5.530000000000001,5.530000000000001,0.0
256,fine_wtp_grid_oracle,70.6,68.44,68.44,2.1599999999999966,2.1599999999999966,0.0
257,fine_wtp_grid_oracle,42.76,42.76,42.76,0.0,0.0,0.0
258,fine_wtp_grid_oracle,61.16,58.08,58.08,3.0799999999999983,3.0799999999999983,0.0
259,fine_wtp_grid_oracle,12.099999999999998,11.409999999999998,11.409999999999998,0.6899999999999995,0.6899999999999995,0.0
260,fine_wtp_grid_oracle,52.91999999999999,50.47999999999999,50.47999999999999,2.4399999999999977,2.4399999999999977,0.0
261,fine_wtp_grid_oracle,96.83000000000001,96.44000000000001,96.44000000000001,0.39000000000000057,0.39000000000000057,0.0
262,fine_wtp_grid_oracle,25.080000000000002,25.080000000000002,25.080000000000002,0.0,0.0,0.0
263,fine_wtp_grid_oracle,27.909999999999997,27.909999999999997,27.909999999999997,0.0,0.0,0.0
264,fine_wtp_grid_oracle,23.360000000000003,21.14,21.14,2.2200000000000024,2.2200000000000024,0.0
265,fine_wtp_grid_oracle,14.410000000000002,12.0,12.0,2.410000000000002,2.410000000000002,0.0
266,fine_wtp_grid_oracle,56.42,49.28,49.28,7.140000000000001,7.140000000000001,0.0
267,fine_wtp_grid_oracle,16.110000000000003,9.55,9.55,6.560000000000002,6.560000000000002,0.0
268,fine_wtp_grid_oracle,11.839999999999998,11.839999999999998,11.839999999999998,0.0,0.0,0.0
269,fine_wtp_grid_oracle,25.870000000000005,25.870000000000005,25.870000000000005,0.0,0.0,0.0
270,fine_wtp_grid_oracle,49.88,46.03,46.03,3.8500000000000014,3.8500000000000014,0.0
271,fine_wtp_grid_oracle,79.67,69.92,69.92,9.75,9.75,0.0
272,fine_wtp_grid_oracle,72.49,69.86999999999999,69.86999999999999,2.6200000000000045,2.6200000000000045,0.0
273,fine_wtp_grid_oracle,25.82,18.83,18.83,6.990000000000002,6.990000000000002,0.0
274,fine_wtp_grid_oracle,59.46,53.77,53.77,5.689999999999998,5.689999999999998,0.0
275,fine_wtp_grid_oracle,57.27,54.9,54.9,2.3700000000000045,2.3700000000000045,0.0
276,fine_wtp_grid_oracle,27.919999999999998,21.72,21.72,6.199999999999999,6.199999999999999,0.0
277,fine_wtp_grid_oracle,43.14,35.5,35.5,7.640000000000001,7.640000000000001,0.0
278,fine_wtp_grid_oracle,48.900000000000006,48.900000000000006,48.900000000000006,0.0,0.0,0.0
279,fine_wtp_grid_oracle,14.040000000000001,7.77,7.77,6.270000000000001,6.270000000000001,0.0
280,fine_wtp_grid_oracle,48.199999999999996,39.97,39.97,8.229999999999997,8.229999999999997,0.0
281,fine_wtp_grid_oracle,22.779999999999998,18.32,18.32,4.459999999999997,4.459999999999997,0.0
282,fine_wtp_grid_oracle,17.29,10.66,10.66,6.629999999999999,6.629999999999999,0.0
283,fine_wtp_grid_oracle,26.75,26.75,26.75,0.0,0.0,0.0
284,fine_wtp_grid_oracle,11.340000000000002,11.340000000000002,11.340000000000002,0.0,0.0,0.0
285,fine_wtp_grid_oracle,88.47999999999999,86.38,86.38,2.0999999999999943,2.0999999999999943,0.0
286,fine_wtp_grid_oracle,62.24000000000001,58.56,58.56,3.680000000000007,3.680000000000007,0.0
287,fine_wtp_grid_oracle,70.42,70.36,70.36,0.060000000000002274,0.060000000000002274,0.0
288,fine_wtp_grid_oracle,13.100000000000001,13.100000000000001,13.100000000000001,0.0,0.0,0.0
289,fine_wtp_grid_oracle,50.42,48.910000000000004,48.910000000000004,1.509999999999998,1.509999999999998,0.0
290,fine_wtp_grid_oracle,85.31,81.97,81.97,3.3400000000000034,3.3400000000000034,0.0
291,fine_wtp_grid_oracle,31.79,31.79,31.79,0.0,0.0,0.0
292,fine_wtp_grid_oracle,49.620000000000005,45.980000000000004,45.980000000000004,3.6400000000000006,3.6400000000000006,0.0
293,fine_wtp_grid_oracle,0.0,-12.260000000000005,-12.260000000000005,12.260000000000005,12.260000000000005,0.0
294,fine_wtp_grid_oracle,32.56999999999999,25.159999999999997,25.159999999999997,7.409999999999997,7.409999999999997,0.0
295,fine_wtp_grid_oracle,10.780000000000001,9.24,9.24,1.540000000000001,1.540000000000001,0.0
296,fine_wtp_grid_oracle,74.64,69.71,69.71,4.930000000000007,4.930000000000007,0.0
297,fine_wtp_grid_oracle,11.379999999999999,10.49,10.49,0.8899999999999988,0.8899999999999988,0.0
298,fine_wtp_grid_oracle,23.779999999999998,22.299999999999997,22.299999999999997,1.4800000000000004,1.4800000000000004,0.0
299,fine_wtp_grid_oracle,49.71,49.71,49.71,0.0,0.0,0.0
300,fine_wtp_grid_oracle,22.49,19.029999999999998,19.029999999999998,3.460000000000001,3.460000000000001,0.0
301,fine_wtp_grid_oracle,10.48,10.48,10.48,0.0,0.0,0.0
302,fine_wtp_grid_oracle,14.900000000000002,13.030000000000001,13.030000000000001,1.870000000000001,1.870000000000001,0.0
303,fine_wtp_grid_oracle,19.04,10.75,10.75,8.29,8.29,0.0
304,fine_wtp_grid_oracle,57.510000000000005,49.82000000000001,49.82000000000001,7.689999999999998,7.689999999999998,0.0
305,fine_wtp_grid_oracle,21.130000000000003,13.23,13.23,7.900000000000002,7.900000000000002,0.0
306,fine_wtp_grid_oracle,25.25,21.959999999999997,21.959999999999997,3.2900000000000027,3.2900000000000027,0.0
307,fine_wtp_grid_oracle,12.079999999999998,11.479999999999997,11.479999999999997,0.6000000000000014,0.6000000000000014,0.0
308,fine_wtp_grid_oracle,28.89,16.91,16.91,11.98,11.98,0.0
309,fine_wtp_grid_oracle,10.57,10.04,10.04,0.5300000000000011,0.5300000000000011,0.0
310,fine_wtp_grid_oracle,58.87,52.15,52.15,6.719999999999999,6.719999999999999,0.0
311,fine_wtp_grid_oracle,95.86,89.61,89.61,6.25,6.25,0.0
312,fine_wtp_grid_oracle,30.46,20.860000000000003,20.860000000000003,9.599999999999998,9.599999999999998,0.0
313,fine_wtp_grid_oracle,85.96000000000001,79.17,79.17,6.790000000000006,6.790000000000006,0.0
314,fine_wtp_grid_oracle,42.72,40.5,40.5,2.219999999999999,2.219999999999999,0.0
315,fine_wtp_grid_oracle,80.65,74.73,74.73,5.920000000000002,5.920000000000002,0.0
316,fine_wtp_grid_oracle,13.3,10.84,10.84,2.460000000000001,2.460000000000001,0.0
317,fine_wtp_grid_oracle,58.099999999999994,55.28999999999999,55.28999999999999,2.8100000000000023,2.8100000000000023,0.0
318,fine_wtp_grid_oracle,92.60999999999999,86.66999999999999,86.66999999999999,5.939999999999998,5.939999999999998,0.0
319,fine_wtp_grid_oracle,16.309999999999995,-28.200000000000003,-28.200000000000003,44.51,44.51,0.0
320,fine_wtp_grid_oracle,11.45,9.85,9.85,1.5999999999999996,1.5999999999999996,0.0
321,fine_wtp_grid_oracle,22.809999999999995,16.889999999999997,16.889999999999997,5.919999999999998,5.919999999999998,0.0
322,fine_wtp_grid_oracle,60.25999999999999,53.38999999999999,53.38999999999999,6.869999999999997,6.869999999999997,0.0
323,fine_wtp_grid_oracle,47.629999999999995,37.78,37.78,9.849999999999994,9.849999999999994,0.0
324,fine_wtp_grid_oracle,97.5,97.5,97.5,0.0,0.0,0.0
325,fine_wtp_grid_oracle,55.45,51.06,51.06,4.390000000000001,4.390000000000001,0.0
326,fine_wtp_grid_oracle,15.840000000000002,6.630000000000003,6.630000000000003,9.209999999999999,9.209999999999999,0.0
327,fine_wtp_grid_oracle,8.92,8.61,8.61,0.3100000000000005,0.3100000000000005,0.0
328,fine_wtp_grid_oracle,80.9,80.78,80.78,0.12000000000000455,0.12000000000000455,0.0
329,fine_wtp_grid_oracle,0.0,-12.339999999999996,-12.339999999999996,12.339999999999996,12.339999999999996,0.0
330,fine_wtp_grid_oracle,51.839999999999996,51.839999999999996,51.839999999999996,0.0,0.0,0.0
331,fine_wtp_grid_oracle,73.92,66.93,66.93,6.989999999999995,6.989999999999995,0.0
332,fine_wtp_grid_oracle,87.75,87.75,87.75,0.0,0.0,0.0
333,fine_wtp_grid_oracle,20.86,16.08,16.08,4.780000000000001,4.780000000000001,0.0
334,fine_wtp_grid_oracle,21.689999999999998,21.29,21.29,0.3999999999999986,0.3999999999999986,0.0
335,fine_wtp_grid_oracle,53.699999999999996,49.72,49.72,3.979999999999997,3.979999999999997,0.0
336,fine_wtp_grid_oracle,26.179999999999996,26.179999999999996,26.179999999999996,0.0,0.0,0.0
337,fine_wtp_grid_oracle,47.809999999999995,45.129999999999995,45.129999999999995,2.6799999999999997,2.6799999999999997,0.0
338,fine_wtp_grid_oracle,79.17999999999999,79.17999999999999,79.17999999999999,0.0,0.0,0.0
339,fine_wtp_grid_oracle,16.75,10.71,10.71,6.039999999999999,6.039999999999999,0.0
340,fine_wtp_grid_oracle,13.280000000000008,-19.809999999999988,-19.809999999999988,33.089999999999996,33.089999999999996,0.0
341,fine_wtp_grid_oracle,39.24,34.190000000000005,34.190000000000005,5.049999999999997,5.049999999999997,0.0
342,fine_wtp_grid_oracle,18.86,18.740000000000002,18.740000000000002,0.11999999999999744,0.11999999999999744,0.0
343,fine_wtp_grid_oracle,16.129999999999995,15.569999999999997,15.569999999999997,0.5599999999999987,0.5599999999999987,0.0
344,fine_wtp_grid_oracle,44.71,44.71,44.71,0.0,0.0,0.0
345,fine_wtp_grid_oracle,63.72,56.599999999999994,56.599999999999994,7.1200000000000045,7.1200000000000045,0.0
346,fine_wtp_grid_oracle,69.97,62.53,62.53,7.439999999999998,7.439999999999998,0.0
347,fine_wtp_grid_oracle,31.4,24.259999999999998,24.259999999999998,7.140000000000001,7.140000000000001,0.0
348,fine_wtp_grid_oracle,36.91,36.66,36.66,0.25,0.25,0.0
349,fine_wtp_grid_oracle,46.06,44.8,44.8,1.2600000000000051,1.2600000000000051,0.0
350,fine_wtp_grid_oracle,18.939999999999998,18.31,18.31,0.629999999999999,0.629999999999999,0.0
351,fine_wtp_grid_oracle,12.809999999999999,11.92,11.92,0.8899999999999988,0.8899999999999988,0.0
352,fine_wtp_grid_oracle,0.0,-9.540000000000006,-9.540000000000006,9.540000000000006,9.540000000000006,0.0
353,fine_wtp_grid_oracle,57.82000000000001,52.43000000000001,52.43000000000001,5.390000000000001,5.390000000000001,0.0
354,fine_wtp_grid_oracle,15.709999999999999,11.469999999999999,11.469999999999999,4.24,4.24,0.0
355,fine_wtp_grid_oracle,22.849999999999998,22.849999999999998,22.849999999999998,0.0,0.0,0.0
356,fine_wtp_grid_oracle,20.96,20.96,20.96,0.0,0.0,0.0
357,fine_wtp_grid_oracle,14.969999999999999,9.779999999999998,9.779999999999998,5.190000000000001,5.190000000000001,0.0
358,fine_wtp_grid_oracle,22.549999999999997,22.549999999999997,22.549999999999997,0.0,0.0,0.0
359,fine_wtp_grid_oracle,13.96,-29.03,-29.03,42.99,42.99,0.0
360,fine_wtp_grid_oracle,42.11,40.09,40.09,2.019999999999996,2.019999999999996,0.0
361,fine_wtp_grid_oracle,26.130000000000003,18.810000000000002,18.810000000000002,7.32,7.32,0.0
362,fine_wtp_grid_oracle,30.28,26.58,26.58,3.700000000000003,3.700000000000003,0.0
363,fine_wtp_grid_oracle,18.739999999999995,11.049999999999997,11.049999999999997,7.689999999999998,7.689999999999998,0.0
364,fine_wtp_grid_oracle,20.759999999999998,14.9,14.9,5.859999999999998,5.859999999999998,0.0
365,fine_wtp_grid_oracle,10.41,10.41,10.41,0.0,0.0,0.0
366,fine_wtp_grid_oracle,10.07,9.620000000000001,9.620000000000001,0.4499999999999993,0.4499999999999993,0.0
367,fine_wtp_grid_oracle,15.82,6.039999999999999,6.039999999999999,9.780000000000001,9.780000000000001,0.0
368,fine_wtp_grid_oracle,86.54,78.21000000000001,78.21000000000001,8.329999999999998,8.329999999999998,0.0
369,fine_wtp_grid_oracle,8.21,8.21,8.21,0.0,0.0,0.0
370,fine_wtp_grid_oracle,96.33,92.09,92.09,4.239999999999995,4.239999999999995,0.0
371,fine_wtp_grid_oracle,37.4,37.4,37.4,0.0,0.0,0.0
372,fine_wtp_grid_oracle,104.18,95.15,95.15,9.030000000000001,9.030000000000001,0.0
373,fine_wtp_grid_oracle,0.0,-16.129999999999995,-16.129999999999995,16.129999999999995,16.129999999999995,0.0
374,fine_wtp_grid_oracle,51.39,41.89,41.89,9.5,9.5,0.0
375,fine_wtp_grid_oracle,86.64,85.81,85.81,0.8299999999999983,0.8299999999999983,0.0
376,fine_wtp_grid_oracle,86.2,79.99,79.99,6.210000000000008,6.210000000000008,0.0
377,fine_wtp_grid_oracle,83.71,78.41999999999999,78.41999999999999,5.290000000000006,5.290000000000006,0.0
378,fine_wtp_grid_oracle,107.75,107.01,107.01,0.7399999999999949,0.7399999999999949,0.0
379,fine_wtp_grid_oracle,46.16,35.07,35.07,11.089999999999996,11.089999999999996,0.0
380,fine_wtp_grid_oracle,29.8,25.840000000000003,25.840000000000003,3.9599999999999973,3.9599999999999973,0.0
381,fine_wtp_grid_oracle,27.68,27.68,27.68,0.0,0.0,0.0
382,fine_wtp_grid_oracle,8.69,8.69,8.69,0.0,0.0,0.0
383,fine_wtp_grid_oracle,22.619999999999997,21.839999999999996,21.839999999999996,0.7800000000000011,0.7800000000000011,0.0
384,fine_wtp_grid_oracle,53.91000000000001,43.81000000000001,43.81000000000001,10.100000000000001,10.100000000000001,0.0
385,fine_wtp_grid_oracle,58.25,52.91,52.91,5.340000000000003,5.340000000000003,0.0
386,fine_wtp_grid_oracle,45.26,45.26,45.26,0.0,0.0,0.0
387,fine_wtp_grid_oracle,29.689999999999998,29.689999999999998,29.689999999999998,0.0,0.0,0.0
388,fine_wtp_grid_oracle,47.5,42.040000000000006,42.040000000000006,5.459999999999994,5.459999999999994,0.0
389,fine_wtp_grid_oracle,17.169999999999998,11.57,11.57,5.599999999999998,5.599999999999998,0.0
390,fine_wtp_grid_oracle,9.39,8.96,8.96,0.4299999999999997,0.4299999999999997,0.0
391,fine_wtp_grid_oracle,22.46,14.960000000000004,14.960000000000004,7.4999999999999964,7.4999999999999964,0.0
392,fine_wtp_grid_oracle,0.0,-20.11,-20.11,20.11,20.11,0.0
393,fine_wtp_grid_oracle,79.29,72.89,72.89,6.400000000000006,6.400000000000006,0.0
394,fine_wtp_grid_oracle,23.57,22.689999999999998,22.689999999999998,0.8800000000000026,0.8800000000000026,0.0
395,fine_wtp_grid_oracle,74.2,69.52,69.52,4.680000000000007,4.680000000000007,0.0
396,fine_wtp_grid_oracle,23.03,18.65,18.65,4.380000000000003,4.380000000000003,0.0
397,fine_wtp_grid_oracle,72.97999999999999,69.89999999999999,69.89999999999999,3.0799999999999983,3.0799999999999983,0.0
398,fine_wtp_grid_oracle,22.259999999999998,22.259999999999998,22.259999999999998,0.0,0.0,0.0
399,fine_wtp_grid_oracle,26.889999999999997,25.61,25.61,1.2799999999999976,1.2799999999999976,0.0
400,fine_wtp_grid_oracle,51.36,48.0,48.0,3.3599999999999994,3.3599999999999994,0.0
401,fine_wtp_grid_oracle,21.11,14.580000000000002,14.580000000000002,6.529999999999998,6.529999999999998,0.0
402,fine_wtp_grid_oracle,46.63,46.63,46.63,0.0,0.0,0.0
403,fine_wtp_grid_oracle,77.22,72.42999999999999,72.42999999999999,4.790000000000006,4.790000000000006,0.0
404,fine_wtp_grid_oracle,8.32,8.32,8.32,0.0,0.0,0.0
405,fine_wtp_grid_oracle,20.060000000000002,20.060000000000002,20.060000000000002,0.0,0.0,0.0
406,fine_wtp_grid_oracle,16.740000000000002,13.650000000000002,13.650000000000002,3.09,3.09,0.0
407,fine_wtp_grid_oracle,77.76,75.75,75.75,2.010000000000005,2.010000000000005,0.0
408,fine_wtp_grid_oracle,23.700000000000003,19.93,19.93,3.770000000000003,3.770000000000003,0.0
409,fine_wtp_grid_oracle,81.14999999999999,81.14999999999999,81.14999999999999,0.0,0.0,0.0
410,fine_wtp_grid_oracle,82.02,71.72,71.72,10.299999999999997,10.299999999999997,0.0
411,fine_wtp_grid_oracle,52.24,49.73,49.73,2.510000000000005,2.510000000000005,0.0
412,fine_wtp_grid_oracle,9.14,8.65,8.65,0.4900000000000002,0.4900000000000002,0.0
413,fine_wtp_grid_oracle,75.06,73.25999999999999,73.25999999999999,1.8000000000000114,1.8000000000000114,0.0
414,fine_wtp_grid_oracle,24.38,21.13,21.13,3.25,3.25,0.0
415,fine_wtp_grid_oracle,24.490000000000006,19.140000000000004,19.140000000000004,5.350000000000001,5.350000000000001,0.0
416,fine_wtp_grid_oracle,42.970000000000006,36.2,36.2,6.770000000000003,6.770000000000003,0.0
417,fine_wtp_grid_oracle,115.97,103.14999999999999,103.14999999999999,12.820000000000007,12.820000000000007,0.0
418,fine_wtp_grid_oracle,18.87,13.650000000000002,13.650000000000002,5.219999999999999,5.219999999999999,0.0
419,fine_wtp_grid_oracle,19.41,7.890000000000001,7.890000000000001,11.52,11.52,0.0
420,fine_wtp_grid_oracle,9.21,9.21,9.21,0.0,0.0,0.0
421,fine_wtp_grid_oracle,21.279999999999994,21.279999999999994,21.279999999999994,0.0,0.0,0.0
422,fine_wtp_grid_oracle,15.03,9.719999999999999,9.719999999999999,5.3100000000000005,5.3100000000000005,0.0
423,fine_wtp_grid_oracle,88.55,84.38,84.38,4.170000000000002,4.170000000000002,0.0
424,fine_wtp_grid_oracle,54.56,52.75,52.75,1.8100000000000023,1.8100000000000023,0.0
425,fine_wtp_grid_oracle,54.989999999999995,52.51,52.51,2.479999999999997,2.479999999999997,0.0
426,fine_wtp_grid_oracle,83.2,80.17,80.17,3.030000000000001,3.030000000000001,0.0
427,fine_wtp_grid_oracle,87.75999999999999,80.94999999999999,80.94999999999999,6.810000000000002,6.810000000000002,0.0
428,fine_wtp_grid_oracle,77.61,72.1,72.1,5.510000000000005,5.510000000000005,0.0
429,fine_wtp_grid_oracle,75.64,73.69999999999999,73.69999999999999,1.940000000000012,1.940000000000012,0.0
430,fine_wtp_grid_oracle,29.350000000000005,26.630000000000003,26.630000000000003,2.7200000000000024,2.7200000000000024,0.0
431,fine_wtp_grid_oracle,0.0,-35.06,-35.06,35.06,35.06,0.0
432,fine_wtp_grid_oracle,40.71,38.57,38.57,2.1400000000000006,2.1400000000000006,0.0
433,fine_wtp_grid_oracle,16.57,15.310000000000002,15.310000000000002,1.259999999999998,1.259999999999998,0.0
434,fine_wtp_grid_oracle,19.279999999999994,-6.729999999999997,-6.729999999999997,26.00999999999999,26.00999999999999,0.0
435,fine_wtp_grid_oracle,5.780000000000001,0.0,0.0,5.780000000000001,5.780000000000001,0.0
436,fine_wtp_grid_oracle,26.58,25.689999999999998,25.689999999999998,0.8900000000000006,0.8900000000000006,0.0
437,fine_wtp_grid_oracle,21.739999999999995,18.019999999999996,18.019999999999996,3.719999999999999,3.719999999999999,0.0
438,fine_wtp_grid_oracle,91.03,85.61,85.61,5.420000000000002,5.420000000000002,0.0
439,fine_wtp_grid_oracle,12.18,12.18,12.18,0.0,0.0,0.0
440,fine_wtp_grid_oracle,78.78,71.63,71.63,7.150000000000006,7.150000000000006,0.0
441,fine_wtp_grid_oracle,55.900000000000006,54.650000000000006,54.650000000000006,1.25,1.25,0.0
442,fine_wtp_grid_oracle,21.31,15.629999999999999,15.629999999999999,5.68,5.68,0.0
443,fine_wtp_grid_oracle,87.60000000000001,84.34,84.34,3.260000000000005,3.260000000000005,0.0
444,fine_wtp_grid_oracle,10.61,9.100000000000001,9.100000000000001,1.509999999999998,1.509999999999998,0.0
445,fine_wtp_grid_oracle,29.71,23.15,23.15,6.560000000000002,6.560000000000002,0.0
446,fine_wtp_grid_oracle,40.540000000000006,38.56,38.56,1.980000000000004,1.980000000000004,0.0
447,fine_wtp_grid_oracle,49.709999999999994,42.78,42.78,6.929999999999993,6.929999999999993,0.0
448,fine_wtp_grid_oracle,55.61000000000001,51.50000000000001,51.50000000000001,4.109999999999999,4.109999999999999,0.0
449,fine_wtp_grid_oracle,8.9,7.640000000000001,7.640000000000001,1.2599999999999998,1.2599999999999998,0.0
450,fine_wtp_grid_oracle,12.43,10.649999999999999,10.649999999999999,1.7800000000000011,1.7800000000000011,0.0
451,fine_wtp_grid_oracle,47.050000000000004,46.67,46.67,0.38000000000000256,0.38000000000000256,0.0
452,fine_wtp_grid_oracle,65.51,65.48,65.48,0.030000000000001137,0.030000000000001137,0.0
453,fine_wtp_grid_oracle,10.589999999999996,10.589999999999996,10.589999999999996,0.0,0.0,0.0
454,fine_wtp_grid_oracle,21.67,11.350000000000001,11.350000000000001,10.32,10.32,0.0
455,fine_wtp_grid_oracle,15.380000000000003,15.200000000000001,15.200000000000001,0.1800000000000015,0.1800000000000015,0.0
456,fine_wtp_grid_oracle,73.05999999999999,68.13,68.13,4.929999999999993,4.929999999999993,0.0
457,fine_wtp_grid_oracle,47.51,45.120000000000005,45.120000000000005,2.3899999999999935,2.3899999999999935,0.0
458,fine_wtp_grid_oracle,15.04,13.41,13.41,1.629999999999999,1.629999999999999,0.0
459,fine_wtp_grid_oracle,50.42999999999999,43.53,43.53,6.8999999999999915,6.8999999999999915,0.0
460,fine_wtp_grid_oracle,51.1,51.06,51.06,0.03999999999999915,0.03999999999999915,0.0
461,fine_wtp_grid_oracle,13.249999999999998,12.79,12.79,0.4599999999999991,0.4599999999999991,0.0
462,fine_wtp_grid_oracle,17.66,14.630000000000003,14.630000000000003,3.0299999999999976,3.0299999999999976,0.0
463,fine_wtp_grid_oracle,26.730000000000004,20.210000000000004,20.210000000000004,6.52,6.52,0.0
464,fine_wtp_grid_oracle,31.880000000000003,28.08,28.08,3.8000000000000043,3.8000000000000043,0.0
465,fine_wtp_grid_oracle,8.76,8.76,8.76,0.0,0.0,0.0
466,fine_wtp_grid_oracle,9.0,9.0,9.0,0.0,0.0,0.0
467,fine_wtp_grid_oracle,11.25,-22.330000000000005,-22.330000000000005,33.580000000000005,33.580000000000005,0.0
468,fine_wtp_grid_oracle,54.43000000000001,51.230000000000004,51.230000000000004,3.200000000000003,3.200000000000003,0.0
469,fine_wtp_grid_oracle,76.1,76.1,76.1,0.0,0.0,0.0
470,fine_wtp_grid_oracle,40.839999999999996,34.769999999999996,34.769999999999996,6.07,6.07,0.0
471,fine_wtp_grid_oracle,18.580000000000002,14.91,14.91,3.6700000000000017,3.6700000000000017,0.0
472,fine_wtp_grid_oracle,76.99,66.1,66.1,10.89,10.89,0.0
473,fine_wtp_grid_oracle,79.87,79.87,79.87,0.0,0.0,0.0
474,fine_wtp_grid_oracle,25.720000000000002,18.020000000000003,18.020000000000003,7.699999999999999,7.699999999999999,0.0
475,fine_wtp_grid_oracle,58.68,49.519999999999996,49.519999999999996,9.160000000000004,9.160000000000004,0.0
476,fine_wtp_grid_oracle,50.86,49.71,49.71,1.1499999999999986,1.1499999999999986,0.0
477,fine_wtp_grid_oracle,10.809999999999995,-40.260000000000005,-40.260000000000005,51.07,51.07,0.0
478,fine_wtp_grid_oracle,12.850000000000001,12.32,12.32,0.5300000000000011,0.5300000000000011,0.0
479,fine_wtp_grid_oracle,17.42,13.620000000000001,13.620000000000001,3.8000000000000007,3.8000000000000007,0.0
480,fine_wtp_grid_oracle,20.5,18.009999999999998,18.009999999999998,2.490000000000002,2.490000000000002,0.0
481,fine_wtp_grid_oracle,3.969999999999999,2.200000000000003,2.200000000000003,1.769999999999996,1.769999999999996,0.0
482,fine_wtp_grid_oracle,9.98,9.89,9.89,0.08999999999999986,0.08999999999999986,0.0
483,fine_wtp_grid_oracle,16.36,14.720000000000002,14.720000000000002,1.639999999999997,1.639999999999997,0.0
484,fine_wtp_grid_oracle,22.290000000000003,20.950000000000003,20.950000000000003,1.3399999999999999,1.3399999999999999,0.0
485,fine_wtp_grid_oracle,29.54,23.869999999999997,23.869999999999997,5.670000000000002,5.670000000000002,0.0
486,fine_wtp_grid_oracle,10.399999999999999,10.399999999999999,10.399999999999999,0.0,0.0,0.0
487,fine_wtp_grid_oracle,86.36000000000001,86.36000000000001,86.36000000000001,0.0,0.0,0.0
488,fine_wtp_grid_oracle,52.74000000000001,50.25000000000001,50.25000000000001,2.490000000000002,2.490000000000002,0.0
489,fine_wtp_grid_oracle,23.490000000000002,18.980000000000004,18.980000000000004,4.509999999999998,4.509999999999998,0.0
490,fine_wtp_grid_oracle,101.81,92.69,92.69,9.120000000000005,9.120000000000005,0.0
491,fine_wtp_grid_oracle,9.79,9.79,9.79,0.0,0.0,0.0
492,fine_wtp_grid_oracle,73.84,69.64,69.64,4.200000000000003,4.200000000000003,0.0
493,fine_wtp_grid_oracle,43.04,41.97,41.97,1.0700000000000003,1.0700000000000003,0.0
494,fine_wtp_grid_oracle,0.0,-27.739999999999995,-27.739999999999995,27.739999999999995,27.739999999999995,0.0
495,fine_wtp_grid_oracle,49.53999999999999,49.53999999999999,49.53999999999999,0.0,0.0,0.0
496,fine_wtp_grid_oracle,46.830000000000005,38.28,38.28,8.550000000000004,8.550000000000004,0.0
497,fine_wtp_grid_oracle,23.270000000000003,23.07,23.07,0.20000000000000284,0.20000000000000284,0.0
498,fine_wtp_grid_oracle,50.1,43.0,43.0,7.100000000000001,7.100000000000001,0.0
499,fine_wtp_grid_oracle,41.53,41.53,41.53,0.0,0.0,0.0
