scenario_id,chore,roommate,wtp_dollars,bid_dollars,grid_wtp,grid_bid,fine_demand_grid_wtp
0,kitchen_surfaces,1,22.93,10.19,30.0,15.0,22.5
0,kitchen_surfaces,2,9.14,16.11,15.0,15.0,7.5
0,kitchen_surfaces,3,8.6,6.78,15.0,0.0,7.5
0,kitchen_surfaces,4,13.31,10.41,15.0,15.0,15.0
1,trash_recycling,1,44.94,12.85,45.0,15.0,45.0
1,trash_recycling,2,24.75,19.31,30.0,15.0,22.5
1,trash_recycling,3,18.65,12.73,15.0,15.0,15.0
1,trash_recycling,4,34.08,9.88,30.0,15.0,37.5
2,trash_recycling,1,49.14,12.48,45.0,15.0,45.0
2,trash_recycling,2,30.07,18.35,30.0,15.0,30.0
2,trash_recycling,3,21.68,14.78,15.0,15.0,22.5
2,trash_recycling,4,52.35,11.33,45.0,15.0,45.0
3,put_away_dishes,1,27.48,12.1,30.0,15.0,30.0
3,put_away_dishes,2,16.76,13.36,15.0,15.0,15.0
3,put_away_dishes,3,14.07,10.46,15.0,15.0,15.0
3,put_away_dishes,4,25.13,10.23,30.0,15.0,22.5
4,vacuum_downstairs,1,16.83,17.25,15.0,15.0,15.0
4,vacuum_downstairs,2,6.71,20.56,0.0,15.0,7.5
4,vacuum_downstairs,3,6.69,12.99,0.0,15.0,7.5
4,vacuum_downstairs,4,13.65,17.3,15.0,15.0,15.0
5,trash_recycling,1,60.03,20.23,45.0,15.0,45.0
5,trash_recycling,2,26.99,20.41,30.0,15.0,30.0
5,trash_recycling,3,31.06,13.25,30.0,15.0,30.0
5,trash_recycling,4,40.25,9.04,45.0,15.0,37.5
6,kitchen_surfaces,1,17.87,11.81,15.0,15.0,15.0
6,kitchen_surfaces,2,9.78,12.52,15.0,15.0,7.5
6,kitchen_surfaces,3,6.92,5.01,0.0,0.0,7.5
6,kitchen_surfaces,4,15.13,9.85,15.0,15.0,15.0
7,vacuum_downstairs,1,20.23,17.07,15.0,15.0,22.5
7,vacuum_downstairs,2,6.73,14.47,0.0,15.0,7.5
7,vacuum_downstairs,3,8.71,14.66,15.0,15.0,7.5
7,vacuum_downstairs,4,14.5,11.94,15.0,15.0,15.0
8,trash_recycling,1,56.82,8.96,45.0,15.0,45.0
8,trash_recycling,2,23.93,14.78,30.0,15.0,22.5
8,trash_recycling,3,31.95,12.99,30.0,15.0,30.0
8,trash_recycling,4,33.27,8.71,30.0,15.0,30.0
9,put_away_dishes,1,26.17,13.08,30.0,15.0,22.5
9,put_away_dishes,2,17.06,15.41,15.0,15.0,15.0
9,put_away_dishes,3,13.33,11.5,15.0,15.0,15.0
9,put_away_dishes,4,24.23,6.99,30.0,0.0,22.5
10,vacuum_downstairs,1,12.9,20.32,15.0,15.0,15.0
10,vacuum_downstairs,2,8.16,23.89,15.0,30.0,7.5
10,vacuum_downstairs,3,8.77,13.5,15.0,15.0,7.5
10,vacuum_downstairs,4,16.54,12.57,15.0,15.0,15.0
11,vacuum_downstairs,1,17.7,11.54,15.0,15.0,15.0
11,vacuum_downstairs,2,8.09,14.88,15.0,15.0,7.5
11,vacuum_downstairs,3,9.36,13.85,15.0,15.0,7.5
11,vacuum_downstairs,4,12.87,10.7,15.0,15.0,15.0
12,clean_sink,1,6.5,3.15,0.0,0.0,7.5
12,clean_sink,2,5.23,4.16,0.0,0.0,7.5
12,clean_sink,3,4.01,2.36,0.0,0.0,7.5
12,clean_sink,4,7.22,2.12,0.0,0.0,7.5
13,trash_recycling,1,31.74,15.83,30.0,15.0,30.0
13,trash_recycling,2,23.49,19.81,30.0,15.0,22.5
13,trash_recycling,3,22.45,13.17,15.0,15.0,22.5
13,trash_recycling,4,29.14,8.78,30.0,15.0,30.0
14,put_away_dishes,1,27.56,9.31,30.0,15.0,30.0
14,put_away_dishes,2,15.32,16.77,15.0,15.0,15.0
14,put_away_dishes,3,18.09,18.33,15.0,15.0,15.0
14,put_away_dishes,4,38.96,14.94,45.0,15.0,37.5
15,put_away_dishes,1,46.15,12.77,45.0,15.0,45.0
15,put_away_dishes,2,14.48,19.28,15.0,15.0,15.0
15,put_away_dishes,3,16.37,13.6,15.0,15.0,15.0
15,put_away_dishes,4,29.37,12.38,30.0,15.0,30.0
16,put_away_dishes,1,32.94,21.94,30.0,15.0,30.0
16,put_away_dishes,2,18.1,16.63,15.0,15.0,15.0
16,put_away_dishes,3,23.94,13.86,30.0,15.0,22.5
16,put_away_dishes,4,22.97,13.44,30.0,15.0,22.5
17,clean_bathrooms,1,26.35,57.27,30.0,45.0,30.0
17,clean_bathrooms,2,11.52,51.83,15.0,45.0,15.0
17,clean_bathrooms,3,16.28,44.25,15.0,45.0,15.0
17,clean_bathrooms,4,25.73,51.22,30.0,45.0,22.5
18,kitchen_surfaces,1,21.07,9.44,15.0,15.0,22.5
18,kitchen_surfaces,2,10.84,9.49,15.0,15.0,7.5
18,kitchen_surfaces,3,11.48,10.31,15.0,15.0,15.0
18,kitchen_surfaces,4,15.81,7.93,15.0,15.0,15.0
19,clean_bathrooms,1,28.94,57.16,30.0,45.0,30.0
19,clean_bathrooms,2,12.67,55.57,15.0,45.0,15.0
19,clean_bathrooms,3,12.17,64.54,15.0,45.0,15.0
19,clean_bathrooms,4,18.36,43.42,15.0,45.0,15.0
20,kitchen_surfaces,1,19.49,9.76,15.0,15.0,22.5
20,kitchen_surfaces,2,9.89,14.24,15.0,15.0,7.5
20,kitchen_surfaces,3,13.67,11.55,15.0,15.0,15.0
20,kitchen_surfaces,4,18.38,6.88,15.0,0.0,15.0
21,put_away_dishes,1,28.32,9.64,30.0,15.0,30.0
21,put_away_dishes,2,14.33,15.02,15.0,15.0,15.0
21,put_away_dishes,3,15.91,10.99,15.0,15.0,15.0
21,put_away_dishes,4,31.5,13.41,30.0,15.0,30.0
22,trash_recycling,1,37.55,16.46,45.0,15.0,37.5
22,trash_recycling,2,24.55,17.91,30.0,15.0,22.5
22,trash_recycling,3,24.43,14.72,30.0,15.0,22.5
22,trash_recycling,4,37.9,13.29,45.0,15.0,37.5
23,clean_sink,1,7.5,2.49,0.0,0.0,7.5
23,clean_sink,2,5.1,4.07,0.0,0.0,7.5
23,clean_sink,3,4.45,2.9,0.0,0.0,7.5
23,clean_sink,4,5.9,2.63,0.0,0.0,7.5
24,put_away_dishes,1,36.84,13.7,30.0,15.0,37.5
24,put_away_dishes,2,12.61,15.53,15.0,15.0,15.0
24,put_away_dishes,3,13.8,14.82,15.0,15.0,15.0
24,put_away_dishes,4,24.42,15.76,30.0,15.0,22.5
25,kitchen_surfaces,1,19.8,12.63,15.0,15.0,22.5
25,kitchen_surfaces,2,8.23,14.68,15.0,15.0,7.5
25,kitchen_surfaces,3,9.35,9.32,15.0,15.0,7.5
25,kitchen_surfaces,4,16.7,8.65,15.0,15.0,15.0
26,clean_microwave,1,7.59,5.61,15.0,0.0,7.5
26,clean_microwave,2,3.33,7.62,0.0,15.0,0.0
26,clean_microwave,3,3.96,5.23,0.0,0.0,7.5
26,clean_microwave,4,8.17,6.02,15.0,0.0,7.5
27,put_away_dishes,1,31.21,13.5,30.0,15.0,30.0
27,put_away_dishes,2,13.79,11.81,15.0,15.0,15.0
27,put_away_dishes,3,15.45,9.93,15.0,15.0,15.0
27,put_away_dishes,4,29.35,12.5,30.0,15.0,30.0
28,put_away_dishes,1,28.99,14.35,30.0,15.0,30.0
28,put_away_dishes,2,15.83,19.05,15.0,15.0,15.0
28,put_away_dishes,3,15.58,10.87,15.0,15.0,15.0
28,put_away_dishes,4,31.33,16.88,30.0,15.0,30.0
29,vacuum_downstairs,1,11.47,11.27,15.0,15.0,15.0
29,vacuum_downstairs,2,10.52,22.02,15.0,15.0,7.5
29,vacuum_downstairs,3,14.16,10.74,15.0,15.0,15.0
29,vacuum_downstairs,4,12.78,13.18,15.0,15.0,15.0
30,put_away_dishes,1,30.67,13.53,30.0,15.0,30.0
30,put_away_dishes,2,15.85,20.01,15.0,15.0,15.0
30,put_away_dishes,3,15.33,21.58,15.0,15.0,15.0
30,put_away_dishes,4,23.8,10.69,30.0,15.0,22.5
31,vacuum_downstairs,1,16.98,20.55,15.0,15.0,15.0
31,vacuum_downstairs,2,6.47,11.85,0.0,15.0,7.5
31,vacuum_downstairs,3,8.43,14.98,15.0,15.0,7.5
31,vacuum_downstairs,4,14.63,13.57,15.0,15.0,15.0
32,trash_recycling,1,29.76,11.74,30.0,15.0,30.0
32,trash_recycling,2,19.85,13.21,15.0,15.0,22.5
32,trash_recycling,3,29.04,11.43,30.0,15.0,30.0
32,trash_recycling,4,42.93,8.5,45.0,15.0,45.0
33,put_away_dishes,1,27.24,20.24,30.0,15.0,30.0
33,put_away_dishes,2,13.25,13.11,15.0,15.0,15.0
33,put_away_dishes,3,13.75,9.34,15.0,15.0,15.0
33,put_away_dishes,4,37.17,10.48,30.0,15.0,37.5
34,trash_recycling,1,34.05,11.75,30.0,15.0,37.5
34,trash_recycling,2,24.35,13.55,30.0,15.0,22.5
34,trash_recycling,3,22.82,11.62,30.0,15.0,22.5
34,trash_recycling,4,34.68,13.89,30.0,15.0,37.5
35,put_away_dishes,1,22.06,14.01,15.0,15.0,22.5
35,put_away_dishes,2,15.83,12.73,15.0,15.0,15.0
35,put_away_dishes,3,18.62,12.39,15.0,15.0,15.0
35,put_away_dishes,4,24.07,11.52,30.0,15.0,22.5
36,clean_sink,1,8.47,3.08,15.0,0.0,7.5
36,clean_sink,2,3.97,2.89,0.0,0.0,7.5
36,clean_sink,3,4.07,4.39,0.0,0.0,7.5
36,clean_sink,4,9.05,2.72,15.0,0.0,7.5
37,trash_recycling,1,53.92,16.2,45.0,15.0,45.0
37,trash_recycling,2,22.02,18.04,15.0,15.0,22.5
37,trash_recycling,3,25.75,18.65,30.0,15.0,22.5
37,trash_recycling,4,30.95,9.36,30.0,15.0,30.0
38,clean_sink,1,11.1,4.37,15.0,0.0,7.5
38,clean_sink,2,3.44,4.87,0.0,0.0,0.0
38,clean_sink,3,3.73,2.34,0.0,0.0,0.0
38,clean_sink,4,6.37,2.21,0.0,0.0,7.5
39,put_away_dishes,1,30.92,13.99,30.0,15.0,30.0
39,put_away_dishes,2,16.4,17.79,15.0,15.0,15.0
39,put_away_dishes,3,13.72,12.8,15.0,15.0,15.0
39,put_away_dishes,4,15.34,12.16,15.0,15.0,15.0
40,put_away_dishes,1,34.37,13.2,30.0,15.0,37.5
40,put_away_dishes,2,15.15,15.84,15.0,15.0,15.0
40,put_away_dishes,3,17.18,10.9,15.0,15.0,15.0
40,put_away_dishes,4,27.78,13.13,30.0,15.0,30.0
41,clean_microwave,1,10.43,6.04,15.0,0.0,7.5
41,clean_microwave,2,6.23,10.32,0.0,15.0,7.5
41,clean_microwave,3,4.36,4.84,0.0,0.0,7.5
41,clean_microwave,4,6.88,4.79,0.0,0.0,7.5
42,kitchen_surfaces,1,24.93,15.94,30.0,15.0,22.5
42,kitchen_surfaces,2,7.66,10.6,15.0,15.0,7.5
42,kitchen_surfaces,3,10.07,7.73,15.0,15.0,7.5
42,kitchen_surfaces,4,18.94,12.98,15.0,15.0,22.5
43,clean_microwave,1,8.13,6.27,15.0,0.0,7.5
43,clean_microwave,2,3.2,11.74,0.0,15.0,0.0
43,clean_microwave,3,5.11,3.62,0.0,0.0,7.5
43,clean_microwave,4,7.09,5.07,0.0,0.0,7.5
44,trash_recycling,1,37.02,14.06,30.0,15.0,37.5
44,trash_recycling,2,23.35,16.38,30.0,15.0,22.5
44,trash_recycling,3,28.38,11.33,30.0,15.0,30.0
44,trash_recycling,4,37.25,12.1,30.0,15.0,37.5
45,vacuum_downstairs,1,13.26,14.61,15.0,15.0,15.0
45,vacuum_downstairs,2,6.51,13.0,0.0,15.0,7.5
45,vacuum_downstairs,3,7.61,13.4,15.0,15.0,7.5
45,vacuum_downstairs,4,11.12,9.61,15.0,15.0,7.5
46,trash_recycling,1,43.99,9.5,45.0,15.0,45.0
46,trash_recycling,2,24.01,19.6,30.0,15.0,22.5
46,trash_recycling,3,21.24,14.33,15.0,15.0,22.5
46,trash_recycling,4,31.64,10.78,30.0,15.0,30.0
47,trash_recycling,1,47.09,13.08,45.0,15.0,45.0
47,trash_recycling,2,18.26,16.28,15.0,15.0,15.0
47,trash_recycling,3,19.98,11.51,15.0,15.0,22.5
47,trash_recycling,4,35.22,13.58,30.0,15.0,37.5
48,trash_recycling,1,45.18,12.59,45.0,15.0,45.0
48,trash_recycling,2,32.05,19.25,30.0,15.0,30.0
48,trash_recycling,3,23.04,10.5,30.0,15.0,22.5
48,trash_recycling,4,55.94,11.97,45.0,15.0,45.0
49,clean_microwave,1,7.26,6.38,0.0,0.0,7.5
49,clean_microwave,2,3.68,6.79,0.0,0.0,0.0
49,clean_microwave,3,4.57,5.97,0.0,0.0,7.5
49,clean_microwave,4,4.83,4.43,0.0,0.0,7.5
50,put_away_dishes,1,29.31,12.37,30.0,15.0,30.0
50,put_away_dishes,2,21.99,18.46,15.0,15.0,22.5
50,put_away_dishes,3,14.05,9.24,15.0,15.0,15.0
50,put_away_dishes,4,28.62,8.82,30.0,15.0,30.0
51,clean_bathrooms,1,24.57,48.72,30.0,45.0,22.5
51,clean_bathrooms,2,15.34,54.8,15.0,45.0,15.0
51,clean_bathrooms,3,15.38,62.38,15.0,45.0,15.0
51,clean_bathrooms,4,28.99,38.24,30.0,45.0,30.0
52,trash_recycling,1,48.11,18.77,45.0,15.0,45.0
52,trash_recycling,2,22.69,13.19,30.0,15.0,22.5
52,trash_recycling,3,19.84,9.32,15.0,15.0,22.5
52,trash_recycling,4,35.52,10.33,30.0,15.0,37.5
53,trash_recycling,1,48.6,10.77,45.0,15.0,45.0
53,trash_recycling,2,18.49,10.98,15.0,15.0,15.0
53,trash_recycling,3,18.57,8.32,15.0,15.0,15.0
53,trash_recycling,4,35.3,10.92,30.0,15.0,37.5
54,vacuum_downstairs,1,15.13,17.78,15.0,15.0,15.0
54,vacuum_downstairs,2,7.94,19.08,15.0,15.0,7.5
54,vacuum_downstairs,3,9.37,13.54,15.0,15.0,7.5
54,vacuum_downstairs,4,16.11,8.9,15.0,15.0,15.0
55,clean_bathrooms,1,24.03,69.37,30.0,45.0,22.5
55,clean_bathrooms,2,13.94,66.01,15.0,45.0,15.0
55,clean_bathrooms,3,13.42,48.95,15.0,45.0,15.0
55,clean_bathrooms,4,31.3,52.86,30.0,45.0,30.0
56,put_away_dishes,1,31.09,15.62,30.0,15.0,30.0
56,put_away_dishes,2,16.56,23.94,15.0,30.0,15.0
56,put_away_dishes,3,16.21,13.41,15.0,15.0,15.0
56,put_away_dishes,4,30.53,10.65,30.0,15.0,30.0
57,put_away_dishes,1,28.06,14.5,30.0,15.0,30.0
57,put_away_dishes,2,12.58,14.63,15.0,15.0,15.0
57,put_away_dishes,3,17.74,15.39,15.0,15.0,15.0
57,put_away_dishes,4,23.08,13.47,30.0,15.0,22.5
58,clean_sink,1,7.31,4.22,0.0,0.0,7.5
58,clean_sink,2,3.41,2.87,0.0,0.0,0.0
58,clean_sink,3,4.44,2.55,0.0,0.0,7.5
58,clean_sink,4,7.6,2.96,15.0,0.0,7.5
59,clean_sink,1,6.67,4.27,0.0,0.0,7.5
59,clean_sink,2,3.81,3.71,0.0,0.0,7.5
59,clean_sink,3,4.09,2.05,0.0,0.0,7.5
59,clean_sink,4,6.87,2.55,0.0,0.0,7.5
60,trash_recycling,1,49.24,14.21,45.0,15.0,45.0
60,trash_recycling,2,27.21,17.41,30.0,15.0,30.0
60,trash_recycling,3,25.01,20.0,30.0,15.0,22.5
60,trash_recycling,4,32.39,11.01,30.0,15.0,30.0
61,put_away_dishes,1,31.3,19.78,30.0,15.0,30.0
61,put_away_dishes,2,12.16,17.24,15.0,15.0,15.0
61,put_away_dishes,3,12.74,8.85,15.0,15.0,15.0
61,put_away_dishes,4,23.55,11.81,30.0,15.0,22.5
62,put_away_dishes,1,35.73,14.24,30.0,15.0,37.5
62,put_away_dishes,2,13.88,14.13,15.0,15.0,15.0
62,put_away_dishes,3,17.53,13.97,15.0,15.0,15.0
62,put_away_dishes,4,21.72,11.41,15.0,15.0,22.5
63,put_away_dishes,1,19.89,12.24,15.0,15.0,22.5
63,put_away_dishes,2,12.83,11.52,15.0,15.0,15.0
63,put_away_dishes,3,15.11,16.56,15.0,15.0,15.0
63,put_away_dishes,4,28.64,11.55,30.0,15.0,30.0
64,trash_recycling,1,46.16,14.39,45.0,15.0,45.0
64,trash_recycling,2,29.68,13.88,30.0,15.0,30.0
64,trash_recycling,3,28.21,15.97,30.0,15.0,30.0
64,trash_recycling,4,28.98,12.05,30.0,15.0,30.0
65,put_away_dishes,1,25.9,14.82,30.0,15.0,22.5
65,put_away_dishes,2,18.31,15.79,15.0,15.0,15.0
65,put_away_dishes,3,18.87,10.2,15.0,15.0,22.5
65,put_away_dishes,4,33.27,11.19,30.0,15.0,30.0
66,put_away_dishes,1,31.77,12.76,30.0,15.0,30.0
66,put_away_dishes,2,12.14,14.94,15.0,15.0,15.0
66,put_away_dishes,3,24.24,10.89,30.0,15.0,22.5
66,put_away_dishes,4,32.55,12.8,30.0,15.0,30.0
67,trash_recycling,1,58.82,15.09,45.0,15.0,45.0
67,trash_recycling,2,35.19,23.41,30.0,30.0,37.5
67,trash_recycling,3,19.15,10.8,15.0,15.0,22.5
67,trash_recycling,4,39.97,14.63,45.0,15.0,37.5
68,kitchen_surfaces,1,20.29,11.18,15.0,15.0,22.5
68,kitchen_surfaces,2,7.24,9.37,0.0,15.0,7.5
68,kitchen_surfaces,3,8.36,7.47,15.0,0.0,7.5
68,kitchen_surfaces,4,12.31,8.79,15.0,15.0,15.0
69,put_away_dishes,1,31.02,14.4,30.0,15.0,30.0
69,put_away_dishes,2,20.91,14.71,15.0,15.0,22.5
69,put_away_dishes,3,14.19,14.45,15.0,15.0,15.0
69,put_away_dishes,4,23.82,8.48,30.0,15.0,22.5
70,put_away_dishes,1,25.75,11.32,30.0,15.0,22.5
70,put_away_dishes,2,11.57,12.58,15.0,15.0,15.0
70,put_away_dishes,3,18.37,9.39,15.0,15.0,15.0
70,put_away_dishes,4,21.72,9.76,15.0,15.0,22.5
71,put_away_dishes,1,31.36,11.41,30.0,15.0,30.0
71,put_away_dishes,2,17.34,16.78,15.0,15.0,15.0
71,put_away_dishes,3,14.87,20.79,15.0,15.0,15.0
71,put_away_dishes,4,22.22,12.69,15.0,15.0,22.5
72,put_away_dishes,1,36.31,20.45,30.0,15.0,37.5
72,put_away_dishes,2,11.58,25.54,15.0,30.0,15.0
72,put_away_dishes,3,15.2,13.41,15.0,15.0,15.0
72,put_away_dishes,4,24.23,8.72,30.0,15.0,22.5
73,kitchen_surfaces,1,24.27,14.27,30.0,15.0,22.5
73,kitchen_surfaces,2,11.98,18.14,15.0,15.0,15.0
73,kitchen_surfaces,3,7.81,7.81,15.0,15.0,7.5
73,kitchen_surfaces,4,13.66,10.8,15.0,15.0,15.0
74,kitchen_surfaces,1,19.04,14.47,15.0,15.0,22.5
74,kitchen_surfaces,2,8.39,14.18,15.0,15.0,7.5
74,kitchen_surfaces,3,8.5,9.24,15.0,15.0,7.5
74,kitchen_surfaces,4,16.97,7.32,15.0,0.0,15.0
75,clean_bathrooms,1,34.36,70.64,30.0,45.0,37.5
75,clean_bathrooms,2,15.73,50.18,15.0,45.0,15.0
75,clean_bathrooms,3,17.93,55.53,15.0,45.0,15.0
75,clean_bathrooms,4,22.33,34.22,15.0,30.0,22.5
76,put_away_dishes,1,41.63,15.98,45.0,15.0,45.0
76,put_away_dishes,2,17.93,17.87,15.0,15.0,15.0
76,put_away_dishes,3,17.17,13.74,15.0,15.0,15.0
76,put_away_dishes,4,27.21,7.53,30.0,15.0,30.0
77,put_away_dishes,1,24.51,16.17,30.0,15.0,22.5
77,put_away_dishes,2,16.11,13.05,15.0,15.0,15.0
77,put_away_dishes,3,15.8,10.16,15.0,15.0,15.0
77,put_away_dishes,4,33.55,11.31,30.0,15.0,30.0
78,clean_sink,1,7.38,3.45,0.0,0.0,7.5
78,clean_sink,2,4.03,3.07,0.0,0.0,7.5
78,clean_sink,3,4.66,2.75,0.0,0.0,7.5
78,clean_sink,4,8.04,2.21,15.0,0.0,7.5
79,clean_bathrooms,1,29.3,39.12,30.0,45.0,30.0
79,clean_bathrooms,2,14.32,58.32,15.0,45.0,15.0
79,clean_bathrooms,3,16.36,52.23,15.0,45.0,15.0
79,clean_bathrooms,4,27.96,45.69,30.0,45.0,30.0
80,kitchen_surfaces,1,20.4,11.71,15.0,15.0,22.5
80,kitchen_surfaces,2,8.35,12.87,15.0,15.0,7.5
80,kitchen_surfaces,3,11.77,13.82,15.0,15.0,15.0
80,kitchen_surfaces,4,15.29,8.95,15.0,15.0,15.0
81,put_away_dishes,1,31.0,14.23,30.0,15.0,30.0
81,put_away_dishes,2,14.99,14.06,15.0,15.0,15.0
81,put_away_dishes,3,17.74,8.23,15.0,15.0,15.0
81,put_away_dishes,4,22.29,10.1,15.0,15.0,22.5
82,clean_sink,1,7.63,2.1,15.0,0.0,7.5
82,clean_sink,2,3.91,2.93,0.0,0.0,7.5
82,clean_sink,3,4.46,3.26,0.0,0.0,7.5
82,clean_sink,4,6.65,2.48,0.0,0.0,7.5
83,put_away_dishes,1,34.33,13.26,30.0,15.0,37.5
83,put_away_dishes,2,18.51,19.5,15.0,15.0,15.0
83,put_away_dishes,3,20.02,15.78,15.0,15.0,22.5
83,put_away_dishes,4,18.75,9.49,15.0,15.0,15.0
84,put_away_dishes,1,32.17,12.81,30.0,15.0,30.0
84,put_away_dishes,2,12.52,14.3,15.0,15.0,15.0
84,put_away_dishes,3,23.34,12.81,30.0,15.0,22.5
84,put_away_dishes,4,21.77,11.14,15.0,15.0,22.5
85,kitchen_surfaces,1,20.7,8.99,15.0,15.0,22.5
85,kitchen_surfaces,2,10.08,8.89,15.0,15.0,7.5
85,kitchen_surfaces,3,7.38,8.15,0.0,15.0,7.5
85,kitchen_surfaces,4,16.82,8.27,15.0,15.0,15.0
86,put_away_dishes,1,25.25,15.71,30.0,15.0,22.5
86,put_away_dishes,2,14.92,20.45,15.0,15.0,15.0
86,put_away_dishes,3,15.85,11.8,15.0,15.0,15.0
86,put_away_dishes,4,25.18,9.27,30.0,15.0,22.5
87,kitchen_surfaces,1,18.03,11.42,15.0,15.0,15.0
87,kitchen_surfaces,2,6.44,16.97,0.0,15.0,7.5
87,kitchen_surfaces,3,7.33,8.83,0.0,15.0,7.5
87,kitchen_surfaces,4,16.74,10.72,15.0,15.0,15.0
88,put_away_dishes,1,28.66,15.0,30.0,15.0,30.0
88,put_away_dishes,2,15.68,14.47,15.0,15.0,15.0
88,put_away_dishes,3,18.05,16.65,15.0,15.0,15.0
88,put_away_dishes,4,32.33,12.4,30.0,15.0,30.0
89,clean_bathrooms,1,21.61,37.97,15.0,45.0,22.5
89,clean_bathrooms,2,12.08,54.91,15.0,45.0,15.0
89,clean_bathrooms,3,16.37,52.3,15.0,45.0,15.0
89,clean_bathrooms,4,20.07,38.06,15.0,45.0,22.5
90,put_away_dishes,1,31.67,15.86,30.0,15.0,30.0
90,put_away_dishes,2,14.41,16.36,15.0,15.0,15.0
90,put_away_dishes,3,15.9,18.81,15.0,15.0,15.0
90,put_away_dishes,4,30.4,9.44,30.0,15.0,30.0
91,clean_bathrooms,1,24.48,52.43,30.0,45.0,22.5
91,clean_bathrooms,2,16.33,61.13,15.0,45.0,15.0
91,clean_bathrooms,3,13.54,50.82,15.0,45.0,15.0
91,clean_bathrooms,4,20.98,33.92,15.0,30.0,22.5
92,trash_recycling,1,48.73,16.7,45.0,15.0,45.0
92,trash_recycling,2,21.0,15.36,15.0,15.0,22.5
92,trash_recycling,3,22.64,14.74,30.0,15.0,22.5
92,trash_recycling,4,38.03,15.98,45.0,15.0,37.5
93,kitchen_surfaces,1,17.45,9.74,15.0,15.0,15.0
93,kitchen_surfaces,2,10.57,10.64,15.0,15.0,7.5
93,kitchen_surfaces,3,8.11,9.99,15.0,15.0,7.5
93,kitchen_surfaces,4,15.05,5.89,15.0,0.0,15.0
94,kitchen_surfaces,1,17.66,11.0,15.0,15.0,15.0
94,kitchen_surfaces,2,8.35,13.43,15.0,15.0,7.5
94,kitchen_surfaces,3,11.16,10.62,15.0,15.0,7.5
94,kitchen_surfaces,4,19.25,13.11,15.0,15.0,22.5
95,put_away_dishes,1,29.38,13.63,30.0,15.0,30.0
95,put_away_dishes,2,19.65,12.51,15.0,15.0,22.5
95,put_away_dishes,3,16.99,12.95,15.0,15.0,15.0
95,put_away_dishes,4,30.04,10.9,30.0,15.0,30.0
96,trash_recycling,1,52.69,16.31,45.0,15.0,45.0
96,trash_recycling,2,25.21,20.25,30.0,15.0,22.5
96,trash_recycling,3,22.65,8.86,30.0,15.0,22.5
96,trash_recycling,4,48.2,11.66,45.0,15.0,45.0
97,kitchen_surfaces,1,19.14,11.85,15.0,15.0,22.5
97,kitchen_surfaces,2,7.62,10.41,15.0,15.0,7.5
97,kitchen_surfaces,3,9.44,12.4,15.0,15.0,7.5
97,kitchen_surfaces,4,16.32,6.71,15.0,0.0,15.0
98,trash_recycling,1,50.82,14.01,45.0,15.0,45.0
98,trash_recycling,2,30.59,13.89,30.0,15.0,30.0
98,trash_recycling,3,32.66,12.23,30.0,15.0,30.0
98,trash_recycling,4,38.76,10.2,45.0,15.0,37.5
99,clean_bathrooms,1,29.77,61.6,30.0,45.0,30.0
99,clean_bathrooms,2,12.34,54.49,15.0,45.0,15.0
99,clean_bathrooms,3,16.41,59.14,15.0,45.0,15.0
99,clean_bathrooms,4,23.72,39.09,30.0,45.0,22.5
100,put_away_dishes,1,29.95,10.41,30.0,15.0,30.0
100,put_away_dishes,2,16.81,14.09,15.0,15.0,15.0
100,put_away_dishes,3,12.41,8.71,15.0,15.0,15.0
100,put_away_dishes,4,21.24,13.86,15.0,15.0,22.5
101,vacuum_downstairs,1,13.67,12.51,15.0,15.0,15.0
101,vacuum_downstairs,2,5.58,13.04,0.0,15.0,7.5
101,vacuum_downstairs,3,9.09,12.74,15.0,15.0,7.5
101,vacuum_downstairs,4,11.3,10.84,15.0,15.0,15.0
102,put_away_dishes,1,28.7,11.41,30.0,15.0,30.0
102,put_away_dishes,2,13.63,12.48,15.0,15.0,15.0
102,put_away_dishes,3,16.69,15.76,15.0,15.0,15.0
102,put_away_dishes,4,24.53,10.04,30.0,15.0,22.5
103,clean_sink,1,7.45,3.25,0.0,0.0,7.5
103,clean_sink,2,3.1,3.2,0.0,0.0,0.0
103,clean_sink,3,5.21,3.07,0.0,0.0,7.5
103,clean_sink,4,8.24,3.31,15.0,0.0,7.5
104,clean_microwave,1,6.56,6.61,0.0,0.0,7.5
104,clean_microwave,2,4.41,8.79,0.0,15.0,7.5
104,clean_microwave,3,5.38,5.05,0.0,0.0,7.5
104,clean_microwave,4,4.9,6.76,0.0,0.0,7.5
105,put_away_dishes,1,29.45,19.05,30.0,15.0,30.0
105,put_away_dishes,2,12.68,9.06,15.0,15.0,15.0
105,put_away_dishes,3,15.25,12.82,15.0,15.0,15.0
105,put_away_dishes,4,21.2,8.39,15.0,15.0,22.5
106,kitchen_surfaces,1,25.59,12.49,30.0,15.0,22.5
106,kitchen_surfaces,2,6.36,9.12,0.0,15.0,7.5
106,kitchen_surfaces,3,10.07,8.88,15.0,15.0,7.5
106,kitchen_surfaces,4,12.37,10.22,15.0,15.0,15.0
107,put_away_dishes,1,24.43,13.74,30.0,15.0,22.5
107,put_away_dishes,2,14.59,16.56,15.0,15.0,15.0
107,put_away_dishes,3,15.67,18.05,15.0,15.0,15.0
107,put_away_dishes,4,25.2,12.43,30.0,15.0,22.5
108,trash_recycling,1,34.83,22.53,30.0,30.0,37.5
108,trash_recycling,2,22.15,14.97,15.0,15.0,22.5
108,trash_recycling,3,20.54,9.85,15.0,15.0,22.5
108,trash_recycling,4,36.46,13.47,30.0,15.0,37.5
109,vacuum_downstairs,1,14.13,17.81,15.0,15.0,15.0
109,vacuum_downstairs,2,7.25,13.06,0.0,15.0,7.5
109,vacuum_downstairs,3,9.05,13.22,15.0,15.0,7.5
109,vacuum_downstairs,4,12.41,10.53,15.0,15.0,15.0
110,put_away_dishes,1,27.86,12.51,30.0,15.0,30.0
110,put_away_dishes,2,13.59,18.29,15.0,15.0,15.0
110,put_away_dishes,3,19.69,12.52,15.0,15.0,22.5
110,put_away_dishes,4,33.64,12.25,30.0,15.0,30.0
111,clean_sink,1,6.89,2.31,0.0,0.0,7.5
111,clean_sink,2,4.29,3.83,0.0,0.0,7.5
111,clean_sink,3,4.24,3.21,0.0,0.0,7.5
111,clean_sink,4,5.26,1.89,0.0,0.0,7.5
112,put_away_dishes,1,24.46,9.78,30.0,15.0,22.5
112,put_away_dishes,2,15.16,15.13,15.0,15.0,15.0
112,put_away_dishes,3,13.61,7.95,15.0,15.0,15.0
112,put_away_dishes,4,40.01,15.01,45.0,15.0,37.5
113,clean_bathrooms,1,31.07,47.36,30.0,45.0,30.0
113,clean_bathrooms,2,18.79,72.72,15.0,45.0,22.5
113,clean_bathrooms,3,12.48,60.03,15.0,45.0,15.0
113,clean_bathrooms,4,22.22,69.74,15.0,45.0,22.5
114,put_away_dishes,1,25.89,14.38,30.0,15.0,22.5
114,put_away_dishes,2,19.24,19.94,15.0,15.0,22.5
114,put_away_dishes,3,16.2,15.12,15.0,15.0,15.0
114,put_away_dishes,4,26.69,12.87,30.0,15.0,30.0
115,kitchen_surfaces,1,18.32,10.61,15.0,15.0,15.0
115,kitchen_surfaces,2,8.9,11.36,15.0,15.0,7.5
115,kitchen_surfaces,3,10.01,8.06,15.0,15.0,7.5
115,kitchen_surfaces,4,15.81,9.05,15.0,15.0,15.0
116,vacuum_downstairs,1,18.64,13.95,15.0,15.0,15.0
116,vacuum_downstairs,2,7.13,14.57,0.0,15.0,7.5
116,vacuum_downstairs,3,6.17,10.8,0.0,15.0,7.5
116,vacuum_downstairs,4,13.04,13.37,15.0,15.0,15.0
117,kitchen_surfaces,1,19.89,12.73,15.0,15.0,22.5
117,kitchen_surfaces,2,8.7,12.41,15.0,15.0,7.5
117,kitchen_surfaces,3,8.55,12.54,15.0,15.0,7.5
117,kitchen_surfaces,4,14.37,10.09,15.0,15.0,15.0
118,trash_recycling,1,57.58,15.06,45.0,15.0,45.0
118,trash_recycling,2,24.66,14.3,30.0,15.0,22.5
118,trash_recycling,3,24.39,22.23,30.0,15.0,22.5
118,trash_recycling,4,47.82,11.45,45.0,15.0,45.0
119,kitchen_surfaces,1,19.3,12.0,15.0,15.0,22.5
119,kitchen_surfaces,2,6.85,10.27,0.0,15.0,7.5
119,kitchen_surfaces,3,11.12,12.19,15.0,15.0,7.5
119,kitchen_surfaces,4,15.53,7.77,15.0,15.0,15.0
120,trash_recycling,1,42.82,13.55,45.0,15.0,45.0
120,trash_recycling,2,26.55,12.64,30.0,15.0,30.0
120,trash_recycling,3,23.52,10.73,30.0,15.0,22.5
120,trash_recycling,4,38.37,15.37,45.0,15.0,37.5
121,clean_sink,1,10.82,3.36,15.0,0.0,7.5
121,clean_sink,2,3.83,5.8,0.0,0.0,7.5
121,clean_sink,3,5.6,3.56,0.0,0.0,7.5
121,clean_sink,4,5.87,2.65,0.0,0.0,7.5
122,put_away_dishes,1,34.38,15.81,30.0,15.0,37.5
122,put_away_dishes,2,13.29,18.17,15.0,15.0,15.0
122,put_away_dishes,3,16.87,8.38,15.0,15.0,15.0
122,put_away_dishes,4,27.39,10.62,30.0,15.0,30.0
123,put_away_dishes,1,26.53,11.94,30.0,15.0,30.0
123,put_away_dishes,2,12.85,10.22,15.0,15.0,15.0
123,put_away_dishes,3,24.01,14.6,30.0,15.0,22.5
123,put_away_dishes,4,29.68,9.36,30.0,15.0,30.0
124,clean_microwave,1,7.24,5.72,0.0,0.0,7.5
124,clean_microwave,2,3.29,6.54,0.0,0.0,0.0
124,clean_microwave,3,2.97,5.12,0.0,0.0,0.0
124,clean_microwave,4,6.74,9.09,0.0,15.0,7.5
125,kitchen_surfaces,1,19.48,10.0,15.0,15.0,22.5
125,kitchen_surfaces,2,9.73,9.77,15.0,15.0,7.5
125,kitchen_surfaces,3,9.49,8.8,15.0,15.0,7.5
125,kitchen_surfaces,4,14.25,8.16,15.0,15.0,15.0
126,clean_bathrooms,1,20.07,49.59,15.0,45.0,22.5
126,clean_bathrooms,2,15.81,61.31,15.0,45.0,15.0
126,clean_bathrooms,3,15.79,53.74,15.0,45.0,15.0
126,clean_bathrooms,4,22.49,70.18,15.0,45.0,22.5
127,clean_bathrooms,1,24.53,48.02,30.0,45.0,22.5
127,clean_bathrooms,2,13.21,44.07,15.0,45.0,15.0
127,clean_bathrooms,3,15.42,66.77,15.0,45.0,15.0
127,clean_bathrooms,4,25.3,49.27,30.0,45.0,22.5
128,clean_bathrooms,1,31.25,53.7,30.0,45.0,30.0
128,clean_bathrooms,2,15.12,48.91,15.0,45.0,15.0
128,clean_bathrooms,3,16.9,64.6,15.0,45.0,15.0
128,clean_bathrooms,4,25.18,43.88,30.0,45.0,22.5
129,trash_recycling,1,45.11,12.44,45.0,15.0,45.0
129,trash_recycling,2,25.43,16.7,30.0,15.0,22.5
129,trash_recycling,3,17.66,12.41,15.0,15.0,15.0
129,trash_recycling,4,39.83,10.3,45.0,15.0,37.5
130,trash_recycling,1,38.28,19.53,45.0,15.0,37.5
130,trash_recycling,2,21.51,13.15,15.0,15.0,22.5
130,trash_recycling,3,26.52,10.04,30.0,15.0,30.0
130,trash_recycling,4,44.55,11.48,45.0,15.0,45.0
131,kitchen_surfaces,1,20.06,11.78,15.0,15.0,22.5
131,kitchen_surfaces,2,11.76,13.65,15.0,15.0,15.0
131,kitchen_surfaces,3,11.06,7.31,15.0,0.0,7.5
131,kitchen_surfaces,4,12.86,6.81,15.0,0.0,15.0
132,kitchen_surfaces,1,16.47,7.98,15.0,15.0,15.0
132,kitchen_surfaces,2,6.11,11.7,0.0,15.0,7.5
132,kitchen_surfaces,3,9.57,10.34,15.0,15.0,7.5
132,kitchen_surfaces,4,19.42,10.13,15.0,15.0,22.5
133,put_away_dishes,1,37.35,13.0,30.0,15.0,37.5
133,put_away_dishes,2,12.22,18.34,15.0,15.0,15.0
133,put_away_dishes,3,16.24,10.81,15.0,15.0,15.0
133,put_away_dishes,4,23.86,11.05,30.0,15.0,22.5
134,put_away_dishes,1,31.59,16.43,30.0,15.0,30.0
134,put_away_dishes,2,11.57,18.57,15.0,15.0,15.0
134,put_away_dishes,3,17.06,10.5,15.0,15.0,15.0
134,put_away_dishes,4,25.02,10.92,30.0,15.0,22.5
135,put_away_dishes,1,29.6,11.21,30.0,15.0,30.0
135,put_away_dishes,2,20.62,21.15,15.0,15.0,22.5
135,put_away_dishes,3,22.71,21.76,30.0,15.0,22.5
135,put_away_dishes,4,21.97,10.86,15.0,15.0,22.5
136,clean_sink,1,6.25,2.39,0.0,0.0,7.5
136,clean_sink,2,3.07,3.45,0.0,0.0,0.0
136,clean_sink,3,3.33,2.66,0.0,0.0,0.0
136,clean_sink,4,7.57,2.93,15.0,0.0,7.5
137,trash_recycling,1,45.57,15.39,45.0,15.0,45.0
137,trash_recycling,2,24.06,11.89,30.0,15.0,22.5
137,trash_recycling,3,27.2,10.34,30.0,15.0,30.0
137,trash_recycling,4,41.95,10.76,45.0,15.0,45.0
138,kitchen_surfaces,1,15.79,8.86,15.0,15.0,15.0
138,kitchen_surfaces,2,10.31,18.94,15.0,15.0,7.5
138,kitchen_surfaces,3,9.01,8.43,15.0,15.0,7.5
138,kitchen_surfaces,4,16.56,8.85,15.0,15.0,15.0
139,trash_recycling,1,54.42,13.29,45.0,15.0,45.0
139,trash_recycling,2,24.87,20.27,30.0,15.0,22.5
139,trash_recycling,3,20.71,12.05,15.0,15.0,22.5
139,trash_recycling,4,39.93,13.83,45.0,15.0,37.5
140,put_away_dishes,1,22.5,12.37,15.0,15.0,22.5
140,put_away_dishes,2,14.22,16.4,15.0,15.0,15.0
140,put_away_dishes,3,24.41,16.69,30.0,15.0,22.5
140,put_away_dishes,4,27.37,14.82,30.0,15.0,30.0
141,vacuum_downstairs,1,15.2,15.64,15.0,15.0,15.0
141,vacuum_downstairs,2,6.31,14.34,0.0,15.0,7.5
141,vacuum_downstairs,3,7.47,14.09,0.0,15.0,7.5
141,vacuum_downstairs,4,15.7,15.13,15.0,15.0,15.0
142,vacuum_downstairs,1,16.98,11.34,15.0,15.0,15.0
142,vacuum_downstairs,2,7.59,18.65,15.0,15.0,7.5
142,vacuum_downstairs,3,8.78,9.98,15.0,15.0,7.5
142,vacuum_downstairs,4,15.14,9.79,15.0,15.0,15.0
143,trash_recycling,1,44.8,16.39,45.0,15.0,45.0
143,trash_recycling,2,24.97,14.34,30.0,15.0,22.5
143,trash_recycling,3,31.62,9.4,30.0,15.0,30.0
143,trash_recycling,4,42.31,12.33,45.0,15.0,45.0
144,put_away_dishes,1,34.62,13.82,30.0,15.0,37.5
144,put_away_dishes,2,16.98,14.32,15.0,15.0,15.0
144,put_away_dishes,3,16.31,11.62,15.0,15.0,15.0
144,put_away_dishes,4,33.78,9.91,30.0,15.0,37.5
145,trash_recycling,1,48.73,18.4,45.0,15.0,45.0
145,trash_recycling,2,27.51,15.03,30.0,15.0,30.0
145,trash_recycling,3,22.79,14.29,30.0,15.0,22.5
145,trash_recycling,4,28.72,10.76,30.0,15.0,30.0
146,trash_recycling,1,54.76,15.02,45.0,15.0,45.0
146,trash_recycling,2,22.06,16.08,15.0,15.0,22.5
146,trash_recycling,3,29.97,19.11,30.0,15.0,30.0
146,trash_recycling,4,37.53,15.36,45.0,15.0,37.5
147,put_away_dishes,1,39.51,20.64,45.0,15.0,37.5
147,put_away_dishes,2,16.07,15.78,15.0,15.0,15.0
147,put_away_dishes,3,19.04,11.58,15.0,15.0,22.5
147,put_away_dishes,4,26.34,13.8,30.0,15.0,30.0
148,put_away_dishes,1,27.06,13.51,30.0,15.0,30.0
148,put_away_dishes,2,17.76,13.73,15.0,15.0,15.0
148,put_away_dishes,3,19.94,15.83,15.0,15.0,22.5
148,put_away_dishes,4,24.51,10.39,30.0,15.0,22.5
149,clean_microwave,1,8.39,7.62,15.0,15.0,7.5
149,clean_microwave,2,3.95,5.44,0.0,0.0,7.5
149,clean_microwave,3,4.44,6.82,0.0,0.0,7.5
149,clean_microwave,4,8.43,6.61,15.0,0.0,7.5
150,clean_sink,1,8.69,3.13,15.0,0.0,7.5
150,clean_sink,2,4.7,3.09,0.0,0.0,7.5
150,clean_sink,3,4.27,3.25,0.0,0.0,7.5
150,clean_sink,4,7.99,3.35,15.0,0.0,7.5
151,put_away_dishes,1,32.61,12.97,30.0,15.0,30.0
151,put_away_dishes,2,14.94,20.61,15.0,15.0,15.0
151,put_away_dishes,3,13.53,15.42,15.0,15.0,15.0
151,put_away_dishes,4,25.55,8.51,30.0,15.0,22.5
152,trash_recycling,1,52.93,16.05,45.0,15.0,45.0
152,trash_recycling,2,24.29,15.97,30.0,15.0,22.5
152,trash_recycling,3,27.13,11.02,30.0,15.0,30.0
152,trash_recycling,4,37.55,11.16,45.0,15.0,37.5
153,kitchen_surfaces,1,16.85,9.65,15.0,15.0,15.0
153,kitchen_surfaces,2,8.05,11.18,15.0,15.0,7.5
153,kitchen_surfaces,3,13.5,12.77,15.0,15.0,15.0
153,kitchen_surfaces,4,22.36,13.61,15.0,15.0,22.5
154,clean_microwave,1,9.61,6.04,15.0,0.0,7.5
154,clean_microwave,2,3.45,7.12,0.0,0.0,0.0
154,clean_microwave,3,2.88,4.44,0.0,0.0,0.0
154,clean_microwave,4,5.94,5.14,0.0,0.0,7.5
155,trash_recycling,1,33.61,11.05,30.0,15.0,30.0
155,trash_recycling,2,24.73,18.19,30.0,15.0,22.5
155,trash_recycling,3,16.74,10.0,15.0,15.0,15.0
155,trash_recycling,4,32.11,8.31,30.0,15.0,30.0
156,trash_recycling,1,58.76,15.87,45.0,15.0,45.0
156,trash_recycling,2,18.25,12.51,15.0,15.0,15.0
156,trash_recycling,3,23.25,9.89,30.0,15.0,22.5
156,trash_recycling,4,57.18,9.66,45.0,15.0,45.0
157,vacuum_downstairs,1,13.15,11.06,15.0,15.0,15.0
157,vacuum_downstairs,2,9.21,16.83,15.0,15.0,7.5
157,vacuum_downstairs,3,7.62,13.08,15.0,15.0,7.5
157,vacuum_downstairs,4,11.66,7.92,15.0,15.0,15.0
158,put_away_dishes,1,36.31,9.43,30.0,15.0,37.5
158,put_away_dishes,2,15.17,13.58,15.0,15.0,15.0
158,put_away_dishes,3,20.75,10.65,15.0,15.0,22.5
158,put_away_dishes,4,27.24,9.09,30.0,15.0,30.0
159,kitchen_surfaces,1,20.77,12.05,15.0,15.0,22.5
159,kitchen_surfaces,2,10.89,9.91,15.0,15.0,7.5
159,kitchen_surfaces,3,12.13,8.7,15.0,15.0,15.0
159,kitchen_surfaces,4,14.69,9.76,15.0,15.0,15.0
160,trash_recycling,1,53.19,20.77,45.0,15.0,45.0
160,trash_recycling,2,29.65,17.54,30.0,15.0,30.0
160,trash_recycling,3,25.73,17.94,30.0,15.0,22.5
160,trash_recycling,4,52.47,13.48,45.0,15.0,45.0
161,clean_bathrooms,1,29.11,45.06,30.0,45.0,30.0
161,clean_bathrooms,2,13.45,76.48,15.0,45.0,15.0
161,clean_bathrooms,3,13.97,53.69,15.0,45.0,15.0
161,clean_bathrooms,4,26.7,47.12,30.0,45.0,30.0
162,put_away_dishes,1,28.38,14.29,30.0,15.0,30.0
162,put_away_dishes,2,12.16,15.09,15.0,15.0,15.0
162,put_away_dishes,3,18.54,10.4,15.0,15.0,15.0
162,put_away_dishes,4,23.21,9.04,30.0,15.0,22.5
163,put_away_dishes,1,28.92,10.48,30.0,15.0,30.0
163,put_away_dishes,2,15.01,17.94,15.0,15.0,15.0
163,put_away_dishes,3,22.3,16.63,15.0,15.0,22.5
163,put_away_dishes,4,30.87,14.17,30.0,15.0,30.0
164,put_away_dishes,1,27.26,11.47,30.0,15.0,30.0
164,put_away_dishes,2,13.95,13.16,15.0,15.0,15.0
164,put_away_dishes,3,17.9,13.9,15.0,15.0,15.0
164,put_away_dishes,4,21.96,12.36,15.0,15.0,22.5
165,kitchen_surfaces,1,15.79,11.32,15.0,15.0,15.0
165,kitchen_surfaces,2,10.74,14.64,15.0,15.0,7.5
165,kitchen_surfaces,3,8.47,7.75,15.0,15.0,7.5
165,kitchen_surfaces,4,19.59,11.48,15.0,15.0,22.5
166,kitchen_surfaces,1,17.59,13.05,15.0,15.0,15.0
166,kitchen_surfaces,2,12.17,17.34,15.0,15.0,15.0
166,kitchen_surfaces,3,8.36,11.0,15.0,15.0,7.5
166,kitchen_surfaces,4,16.26,10.56,15.0,15.0,15.0
167,put_away_dishes,1,27.25,9.13,30.0,15.0,30.0
167,put_away_dishes,2,16.92,31.08,15.0,30.0,15.0
167,put_away_dishes,3,15.1,16.72,15.0,15.0,15.0
167,put_away_dishes,4,24.32,14.22,30.0,15.0,22.5
168,vacuum_downstairs,1,20.28,15.93,15.0,15.0,22.5
168,vacuum_downstairs,2,7.49,15.2,0.0,15.0,7.5
168,vacuum_downstairs,3,9.58,13.93,15.0,15.0,7.5
168,vacuum_downstairs,4,15.01,10.88,15.0,15.0,15.0
169,trash_recycling,1,53.74,16.07,45.0,15.0,45.0
169,trash_recycling,2,28.47,30.08,30.0,30.0,30.0
169,trash_recycling,3,34.87,13.81,30.0,15.0,37.5
169,trash_recycling,4,55.51,12.4,45.0,15.0,45.0
170,kitchen_surfaces,1,18.65,19.6,15.0,15.0,15.0
170,kitchen_surfaces,2,9.48,18.19,15.0,15.0,7.5
170,kitchen_surfaces,3,6.29,8.42,0.0,15.0,7.5
170,kitchen_surfaces,4,14.51,9.31,15.0,15.0,15.0
171,kitchen_surfaces,1,18.34,8.38,15.0,15.0,15.0
171,kitchen_surfaces,2,8.56,14.17,15.0,15.0,7.5
171,kitchen_surfaces,3,9.79,9.41,15.0,15.0,7.5
171,kitchen_surfaces,4,18.71,11.35,15.0,15.0,15.0
172,clean_sink,1,6.78,2.99,0.0,0.0,7.5
172,clean_sink,2,4.22,3.82,0.0,0.0,7.5
172,clean_sink,3,4.68,3.79,0.0,0.0,7.5
172,clean_sink,4,7.01,2.38,0.0,0.0,7.5
173,kitchen_surfaces,1,15.49,8.78,15.0,15.0,15.0
173,kitchen_surfaces,2,9.63,13.74,15.0,15.0,7.5
173,kitchen_surfaces,3,17.74,11.21,15.0,15.0,15.0
173,kitchen_surfaces,4,15.41,8.17,15.0,15.0,15.0
174,kitchen_surfaces,1,18.79,10.09,15.0,15.0,22.5
174,kitchen_surfaces,2,7.99,16.14,15.0,15.0,7.5
174,kitchen_surfaces,3,10.85,10.56,15.0,15.0,7.5
174,kitchen_surfaces,4,13.03,9.66,15.0,15.0,15.0
175,clean_sink,1,8.32,3.36,15.0,0.0,7.5
175,clean_sink,2,3.75,3.62,0.0,0.0,0.0
175,clean_sink,3,3.04,2.72,0.0,0.0,0.0
175,clean_sink,4,6.08,2.83,0.0,0.0,7.5
176,trash_recycling,1,61.13,15.63,45.0,15.0,45.0
176,trash_recycling,2,23.13,21.25,30.0,15.0,22.5
176,trash_recycling,3,22.66,11.31,30.0,15.0,22.5
176,trash_recycling,4,33.3,8.62,30.0,15.0,30.0
177,put_away_dishes,1,19.62,13.05,15.0,15.0,22.5
177,put_away_dishes,2,16.52,14.31,15.0,15.0,15.0
177,put_away_dishes,3,16.66,14.53,15.0,15.0,15.0
177,put_away_dishes,4,25.92,11.92,30.0,15.0,22.5
178,clean_microwave,1,6.95,4.5,0.0,0.0,7.5
178,clean_microwave,2,2.97,8.02,0.0,15.0,0.0
178,clean_microwave,3,4.25,5.23,0.0,0.0,7.5
178,clean_microwave,4,6.05,4.77,0.0,0.0,7.5
179,trash_recycling,1,56.35,13.7,45.0,15.0,45.0
179,trash_recycling,2,27.01,16.44,30.0,15.0,30.0
179,trash_recycling,3,21.24,13.92,15.0,15.0,22.5
179,trash_recycling,4,32.42,11.32,30.0,15.0,30.0
180,put_away_dishes,1,36.29,14.68,30.0,15.0,37.5
180,put_away_dishes,2,14.82,15.44,15.0,15.0,15.0
180,put_away_dishes,3,18.7,17.28,15.0,15.0,15.0
180,put_away_dishes,4,25.34,14.13,30.0,15.0,22.5
181,clean_microwave,1,6.38,5.75,0.0,0.0,7.5
181,clean_microwave,2,2.96,6.69,0.0,0.0,0.0
181,clean_microwave,3,4.73,6.47,0.0,0.0,7.5
181,clean_microwave,4,5.16,4.86,0.0,0.0,7.5
182,clean_microwave,1,7.09,6.43,0.0,0.0,7.5
182,clean_microwave,2,3.45,6.72,0.0,0.0,0.0
182,clean_microwave,3,4.09,4.16,0.0,0.0,7.5
182,clean_microwave,4,5.95,5.27,0.0,0.0,7.5
183,put_away_dishes,1,33.75,12.55,30.0,15.0,30.0
183,put_away_dishes,2,16.01,13.66,15.0,15.0,15.0
183,put_away_dishes,3,15.24,17.21,15.0,15.0,15.0
183,put_away_dishes,4,26.85,15.15,30.0,15.0,30.0
184,trash_recycling,1,57.82,15.41,45.0,15.0,45.0
184,trash_recycling,2,19.83,13.59,15.0,15.0,22.5
184,trash_recycling,3,21.83,10.32,15.0,15.0,22.5
184,trash_recycling,4,37.84,8.08,45.0,15.0,37.5
185,clean_microwave,1,8.26,8.12,15.0,15.0,7.5
185,clean_microwave,2,4.1,7.3,0.0,0.0,7.5
185,clean_microwave,3,3.78,8.63,0.0,15.0,7.5
185,clean_microwave,4,6.19,3.95,0.0,0.0,7.5
186,put_away_dishes,1,47.87,15.94,45.0,15.0,45.0
186,put_away_dishes,2,14.75,15.37,15.0,15.0,15.0
186,put_away_dishes,3,17.0,11.82,15.0,15.0,15.0
186,put_away_dishes,4,21.06,14.13,15.0,15.0,22.5
187,trash_recycling,1,38.67,20.15,45.0,15.0,37.5
187,trash_recycling,2,24.27,14.0,30.0,15.0,22.5
187,trash_recycling,3,22.28,13.35,15.0,15.0,22.5
187,trash_recycling,4,35.72,8.87,30.0,15.0,37.5
188,trash_recycling,1,38.98,7.01,45.0,0.0,37.5
188,trash_recycling,2,22.4,15.89,15.0,15.0,22.5
188,trash_recycling,3,19.5,12.48,15.0,15.0,22.5
188,trash_recycling,4,35.36,15.63,30.0,15.0,37.5
189,trash_recycling,1,44.09,19.94,45.0,15.0,45.0
189,trash_recycling,2,27.84,16.03,30.0,15.0,30.0
189,trash_recycling,3,18.71,11.95,15.0,15.0,15.0
189,trash_recycling,4,30.19,14.68,30.0,15.0,30.0
190,clean_microwave,1,8.1,6.53,15.0,0.0,7.5
190,clean_microwave,2,2.7,4.96,0.0,0.0,0.0
190,clean_microwave,3,3.29,5.66,0.0,0.0,0.0
190,clean_microwave,4,6.89,5.44,0.0,0.0,7.5
191,put_away_dishes,1,25.35,12.3,30.0,15.0,22.5
191,put_away_dishes,2,15.79,22.45,15.0,15.0,15.0
191,put_away_dishes,3,17.0,11.89,15.0,15.0,15.0
191,put_away_dishes,4,24.73,14.99,30.0,15.0,22.5
192,vacuum_downstairs,1,12.6,13.82,15.0,15.0,15.0
192,vacuum_downstairs,2,8.73,25.32,15.0,30.0,7.5
192,vacuum_downstairs,3,7.91,10.88,15.0,15.0,7.5
192,vacuum_downstairs,4,16.3,13.77,15.0,15.0,15.0
193,put_away_dishes,1,26.49,12.09,30.0,15.0,30.0
193,put_away_dishes,2,16.37,16.31,15.0,15.0,15.0
193,put_away_dishes,3,16.9,12.62,15.0,15.0,15.0
193,put_away_dishes,4,20.93,9.34,15.0,15.0,22.5
194,vacuum_downstairs,1,16.86,17.7,15.0,15.0,15.0
194,vacuum_downstairs,2,6.8,18.05,0.0,15.0,7.5
194,vacuum_downstairs,3,11.82,10.07,15.0,15.0,15.0
194,vacuum_downstairs,4,10.76,8.95,15.0,15.0,7.5
195,put_away_dishes,1,25.76,11.01,30.0,15.0,22.5
195,put_away_dishes,2,13.38,14.09,15.0,15.0,15.0
195,put_away_dishes,3,12.62,13.98,15.0,15.0,15.0
195,put_away_dishes,4,22.46,9.12,15.0,15.0,22.5
196,vacuum_downstairs,1,15.01,11.02,15.0,15.0,15.0
196,vacuum_downstairs,2,7.46,16.05,0.0,15.0,7.5
196,vacuum_downstairs,3,6.94,12.95,0.0,15.0,7.5
196,vacuum_downstairs,4,19.5,21.19,15.0,15.0,22.5
197,kitchen_surfaces,1,20.81,10.48,15.0,15.0,22.5
197,kitchen_surfaces,2,8.86,10.04,15.0,15.0,7.5
197,kitchen_surfaces,3,12.16,11.57,15.0,15.0,15.0
197,kitchen_surfaces,4,11.32,8.77,15.0,15.0,15.0
198,vacuum_downstairs,1,18.12,15.76,15.0,15.0,15.0
198,vacuum_downstairs,2,7.66,18.19,15.0,15.0,7.5
198,vacuum_downstairs,3,8.41,17.99,15.0,15.0,7.5
198,vacuum_downstairs,4,12.83,9.06,15.0,15.0,15.0
199,put_away_dishes,1,22.85,15.37,30.0,15.0,22.5
199,put_away_dishes,2,16.25,13.7,15.0,15.0,15.0
199,put_away_dishes,3,17.78,14.63,15.0,15.0,15.0
199,put_away_dishes,4,21.54,15.96,15.0,15.0,22.5
200,clean_bathrooms,1,34.85,64.75,30.0,45.0,37.5
200,clean_bathrooms,2,15.99,56.11,15.0,45.0,15.0
200,clean_bathrooms,3,21.21,57.37,15.0,45.0,22.5
200,clean_bathrooms,4,27.18,64.1,30.0,45.0,30.0
201,put_away_dishes,1,32.71,12.49,30.0,15.0,30.0
201,put_away_dishes,2,14.74,10.4,15.0,15.0,15.0
201,put_away_dishes,3,17.09,13.98,15.0,15.0,15.0
201,put_away_dishes,4,35.33,13.88,30.0,15.0,37.5
202,clean_sink,1,6.44,3.41,0.0,0.0,7.5
202,clean_sink,2,3.11,2.94,0.0,0.0,0.0
202,clean_sink,3,3.98,4.35,0.0,0.0,7.5
202,clean_sink,4,5.97,2.62,0.0,0.0,7.5
203,put_away_dishes,1,40.78,13.61,45.0,15.0,37.5
203,put_away_dishes,2,18.46,15.35,15.0,15.0,15.0
203,put_away_dishes,3,16.2,10.37,15.0,15.0,15.0
203,put_away_dishes,4,34.73,14.5,30.0,15.0,37.5
204,kitchen_surfaces,1,14.68,7.4,15.0,0.0,15.0
204,kitchen_surfaces,2,6.62,10.02,0.0,15.0,7.5
204,kitchen_surfaces,3,9.82,9.16,15.0,15.0,7.5
204,kitchen_surfaces,4,13.22,8.05,15.0,15.0,15.0
205,vacuum_downstairs,1,11.78,12.98,15.0,15.0,15.0
205,vacuum_downstairs,2,8.17,15.86,15.0,15.0,7.5
205,vacuum_downstairs,3,8.08,13.87,15.0,15.0,7.5
205,vacuum_downstairs,4,9.92,11.49,15.0,15.0,7.5
206,trash_recycling,1,64.34,19.53,45.0,15.0,45.0
206,trash_recycling,2,21.93,16.67,15.0,15.0,22.5
206,trash_recycling,3,24.53,15.32,30.0,15.0,22.5
206,trash_recycling,4,38.91,12.76,45.0,15.0,37.5
207,trash_recycling,1,42.95,11.39,45.0,15.0,45.0
207,trash_recycling,2,18.53,11.06,15.0,15.0,15.0
207,trash_recycling,3,20.94,11.37,15.0,15.0,22.5
207,trash_recycling,4,33.72,10.19,30.0,15.0,30.0
208,trash_recycling,1,64.21,13.56,45.0,15.0,45.0
208,trash_recycling,2,30.52,19.68,30.0,15.0,30.0
208,trash_recycling,3,25.64,12.52,30.0,15.0,22.5
208,trash_recycling,4,29.75,12.26,30.0,15.0,30.0
209,trash_recycling,1,40.26,8.12,45.0,15.0,37.5
209,trash_recycling,2,23.71,18.49,30.0,15.0,22.5
209,trash_recycling,3,24.57,13.45,30.0,15.0,22.5
209,trash_recycling,4,30.55,9.71,30.0,15.0,30.0
210,put_away_dishes,1,41.67,13.19,45.0,15.0,45.0
210,put_away_dishes,2,15.09,12.68,15.0,15.0,15.0
210,put_away_dishes,3,12.32,10.38,15.0,15.0,15.0
210,put_away_dishes,4,23.69,14.48,30.0,15.0,22.5
211,trash_recycling,1,49.21,15.97,45.0,15.0,45.0
211,trash_recycling,2,20.28,17.15,15.0,15.0,22.5
211,trash_recycling,3,23.24,12.86,30.0,15.0,22.5
211,trash_recycling,4,44.33,16.83,45.0,15.0,45.0
212,trash_recycling,1,66.75,12.88,45.0,15.0,45.0
212,trash_recycling,2,17.42,9.99,15.0,15.0,15.0
212,trash_recycling,3,29.36,13.88,30.0,15.0,30.0
212,trash_recycling,4,40.07,9.83,45.0,15.0,37.5
213,trash_recycling,1,55.23,13.92,45.0,15.0,45.0
213,trash_recycling,2,26.43,17.79,30.0,15.0,30.0
213,trash_recycling,3,19.95,12.69,15.0,15.0,22.5
213,trash_recycling,4,37.51,13.54,45.0,15.0,37.5
214,trash_recycling,1,41.54,19.21,45.0,15.0,45.0
214,trash_recycling,2,21.96,10.97,15.0,15.0,22.5
214,trash_recycling,3,22.93,15.6,30.0,15.0,22.5
214,trash_recycling,4,32.5,12.7,30.0,15.0,30.0
215,trash_recycling,1,44.72,9.25,45.0,15.0,45.0
215,trash_recycling,2,29.38,10.49,30.0,15.0,30.0
215,trash_recycling,3,23.83,13.35,30.0,15.0,22.5
215,trash_recycling,4,46.32,11.83,45.0,15.0,45.0
216,put_away_dishes,1,34.4,16.45,30.0,15.0,37.5
216,put_away_dishes,2,18.62,14.52,15.0,15.0,15.0
216,put_away_dishes,3,16.13,15.37,15.0,15.0,15.0
216,put_away_dishes,4,24.06,10.05,30.0,15.0,22.5
217,trash_recycling,1,45.61,12.45,45.0,15.0,45.0
217,trash_recycling,2,25.43,14.57,30.0,15.0,22.5
217,trash_recycling,3,26.11,13.43,30.0,15.0,22.5
217,trash_recycling,4,48.77,9.69,45.0,15.0,45.0
218,put_away_dishes,1,25.36,14.01,30.0,15.0,22.5
218,put_away_dishes,2,13.75,16.51,15.0,15.0,15.0
218,put_away_dishes,3,19.0,14.08,15.0,15.0,22.5
218,put_away_dishes,4,26.12,10.38,30.0,15.0,22.5
219,kitchen_surfaces,1,15.46,9.35,15.0,15.0,15.0
219,kitchen_surfaces,2,7.08,9.09,0.0,15.0,7.5
219,kitchen_surfaces,3,16.83,12.96,15.0,15.0,15.0
219,kitchen_surfaces,4,17.82,9.67,15.0,15.0,15.0
220,trash_recycling,1,46.46,13.88,45.0,15.0,45.0
220,trash_recycling,2,26.93,15.11,30.0,15.0,30.0
220,trash_recycling,3,23.1,13.83,30.0,15.0,22.5
220,trash_recycling,4,32.08,10.97,30.0,15.0,30.0
221,put_away_dishes,1,43.58,14.07,45.0,15.0,45.0
221,put_away_dishes,2,10.9,14.93,15.0,15.0,7.5
221,put_away_dishes,3,19.37,14.57,15.0,15.0,22.5
221,put_away_dishes,4,29.02,13.8,30.0,15.0,30.0
222,trash_recycling,1,42.55,14.58,45.0,15.0,45.0
222,trash_recycling,2,29.6,23.85,30.0,30.0,30.0
222,trash_recycling,3,34.02,15.91,30.0,15.0,37.5
222,trash_recycling,4,40.88,18.12,45.0,15.0,37.5
223,trash_recycling,1,40.71,14.81,45.0,15.0,37.5
223,trash_recycling,2,22.17,18.75,15.0,15.0,22.5
223,trash_recycling,3,25.77,10.24,30.0,15.0,22.5
223,trash_recycling,4,41.13,10.68,45.0,15.0,37.5
224,trash_recycling,1,44.1,16.51,45.0,15.0,45.0
224,trash_recycling,2,17.98,18.27,15.0,15.0,15.0
224,trash_recycling,3,24.46,13.07,30.0,15.0,22.5
224,trash_recycling,4,41.09,10.03,45.0,15.0,37.5
225,kitchen_surfaces,1,17.23,9.5,15.0,15.0,15.0
225,kitchen_surfaces,2,9.32,17.93,15.0,15.0,7.5
225,kitchen_surfaces,3,9.86,12.8,15.0,15.0,7.5
225,kitchen_surfaces,4,18.24,12.09,15.0,15.0,15.0
226,trash_recycling,1,44.07,12.85,45.0,15.0,45.0
226,trash_recycling,2,21.37,17.18,15.0,15.0,22.5
226,trash_recycling,3,21.07,10.23,15.0,15.0,22.5
226,trash_recycling,4,34.55,8.8,30.0,15.0,37.5
227,trash_recycling,1,58.04,10.84,45.0,15.0,45.0
227,trash_recycling,2,24.91,19.57,30.0,15.0,22.5
227,trash_recycling,3,23.87,15.91,30.0,15.0,22.5
227,trash_recycling,4,36.94,9.42,30.0,15.0,37.5
228,kitchen_surfaces,1,20.09,10.29,15.0,15.0,22.5
228,kitchen_surfaces,2,9.11,8.79,15.0,15.0,7.5
228,kitchen_surfaces,3,7.45,8.45,0.0,15.0,7.5
228,kitchen_surfaces,4,15.03,9.07,15.0,15.0,15.0
229,clean_bathrooms,1,23.07,41.31,30.0,45.0,22.5
229,clean_bathrooms,2,9.11,55.52,15.0,45.0,7.5
229,clean_bathrooms,3,18.34,63.68,15.0,45.0,15.0
229,clean_bathrooms,4,20.58,49.83,15.0,45.0,22.5
230,clean_microwave,1,5.65,4.57,0.0,0.0,7.5
230,clean_microwave,2,4.88,8.03,0.0,15.0,7.5
230,clean_microwave,3,3.96,5.97,0.0,0.0,7.5
230,clean_microwave,4,6.7,8.01,0.0,15.0,7.5
231,vacuum_downstairs,1,12.9,16.61,15.0,15.0,15.0
231,vacuum_downstairs,2,7.85,23.23,15.0,30.0,7.5
231,vacuum_downstairs,3,7.05,15.07,0.0,15.0,7.5
231,vacuum_downstairs,4,15.11,13.06,15.0,15.0,15.0
232,vacuum_downstairs,1,16.77,13.65,15.0,15.0,15.0
232,vacuum_downstairs,2,5.85,17.12,0.0,15.0,7.5
232,vacuum_downstairs,3,7.74,14.84,15.0,15.0,7.5
232,vacuum_downstairs,4,14.98,12.02,15.0,15.0,15.0
233,clean_sink,1,7.26,3.82,0.0,0.0,7.5
233,clean_sink,2,4.66,4.09,0.0,0.0,7.5
233,clean_sink,3,5.16,3.09,0.0,0.0,7.5
233,clean_sink,4,7.49,2.81,0.0,0.0,7.5
234,trash_recycling,1,33.85,8.91,30.0,15.0,37.5
234,trash_recycling,2,22.81,14.79,30.0,15.0,22.5
234,trash_recycling,3,24.79,11.79,30.0,15.0,22.5
234,trash_recycling,4,42.42,8.21,45.0,15.0,45.0
235,put_away_dishes,1,25.14,13.06,30.0,15.0,22.5
235,put_away_dishes,2,20.0,14.87,15.0,15.0,22.5
235,put_away_dishes,3,18.68,18.94,15.0,15.0,15.0
235,put_away_dishes,4,28.58,10.47,30.0,15.0,30.0
236,trash_recycling,1,43.44,17.03,45.0,15.0,45.0
236,trash_recycling,2,25.51,14.28,30.0,15.0,22.5
236,trash_recycling,3,29.88,17.92,30.0,15.0,30.0
236,trash_recycling,4,33.98,10.12,30.0,15.0,37.5
237,vacuum_downstairs,1,16.87,11.77,15.0,15.0,15.0
237,vacuum_downstairs,2,7.7,16.92,15.0,15.0,7.5
237,vacuum_downstairs,3,7.42,17.66,0.0,15.0,7.5
237,vacuum_downstairs,4,12.33,12.62,15.0,15.0,15.0
238,trash_recycling,1,39.3,11.25,45.0,15.0,37.5
238,trash_recycling,2,29.46,13.2,30.0,15.0,30.0
238,trash_recycling,3,32.05,10.78,30.0,15.0,30.0
238,trash_recycling,4,32.37,9.14,30.0,15.0,30.0
239,put_away_dishes,1,16.49,10.03,15.0,15.0,15.0
239,put_away_dishes,2,15.13,22.47,15.0,15.0,15.0
239,put_away_dishes,3,16.13,15.72,15.0,15.0,15.0
239,put_away_dishes,4,24.28,12.24,30.0,15.0,22.5
240,put_away_dishes,1,33.37,16.08,30.0,15.0,30.0
240,put_away_dishes,2,11.27,11.3,15.0,15.0,15.0
240,put_away_dishes,3,19.01,11.29,15.0,15.0,22.5
240,put_away_dishes,4,28.44,12.29,30.0,15.0,30.0
241,clean_bathrooms,1,30.83,53.58,30.0,45.0,30.0
241,clean_bathrooms,2,10.68,51.16,15.0,45.0,7.5
241,clean_bathrooms,3,15.83,70.32,15.0,45.0,15.0
241,clean_bathrooms,4,26.44,54.89,30.0,45.0,30.0
242,kitchen_surfaces,1,20.27,14.25,15.0,15.0,22.5
242,kitchen_surfaces,2,7.89,8.47,15.0,15.0,7.5
242,kitchen_surfaces,3,10.5,10.12,15.0,15.0,7.5
242,kitchen_surfaces,4,16.76,10.01,15.0,15.0,15.0
243,put_away_dishes,1,34.23,18.72,30.0,15.0,37.5
243,put_away_dishes,2,14.76,21.77,15.0,15.0,15.0
243,put_away_dishes,3,16.46,10.82,15.0,15.0,15.0
243,put_away_dishes,4,22.57,9.03,30.0,15.0,22.5
244,put_away_dishes,1,32.82,18.75,30.0,15.0,30.0
244,put_away_dishes,2,19.53,13.98,15.0,15.0,22.5
244,put_away_dishes,3,17.64,12.57,15.0,15.0,15.0
244,put_away_dishes,4,29.52,14.26,30.0,15.0,30.0
245,vacuum_downstairs,1,18.41,15.52,15.0,15.0,15.0
245,vacuum_downstairs,2,6.97,12.46,0.0,15.0,7.5
245,vacuum_downstairs,3,8.93,12.28,15.0,15.0,7.5
245,vacuum_downstairs,4,14.23,9.38,15.0,15.0,15.0
246,clean_bathrooms,1,21.38,45.25,15.0,45.0,22.5
246,clean_bathrooms,2,12.33,65.83,15.0,45.0,15.0
246,clean_bathrooms,3,12.55,35.58,15.0,30.0,15.0
246,clean_bathrooms,4,23.1,54.41,30.0,45.0,22.5
247,put_away_dishes,1,29.71,15.35,30.0,15.0,30.0
247,put_away_dishes,2,14.37,18.52,15.0,15.0,15.0
247,put_away_dishes,3,18.2,16.45,15.0,15.0,15.0
247,put_away_dishes,4,23.96,15.79,30.0,15.0,22.5
248,put_away_dishes,1,36.46,15.64,30.0,15.0,37.5
248,put_away_dishes,2,20.64,14.32,15.0,15.0,22.5
248,put_away_dishes,3,16.02,12.36,15.0,15.0,15.0
248,put_away_dishes,4,27.03,10.75,30.0,15.0,30.0
249,clean_microwave,1,9.21,7.72,15.0,15.0,7.5
249,clean_microwave,2,3.4,5.98,0.0,0.0,0.0
249,clean_microwave,3,3.8,5.79,0.0,0.0,7.5
249,clean_microwave,4,6.62,5.43,0.0,0.0,7.5
250,clean_sink,1,7.93,2.82,15.0,0.0,7.5
250,clean_sink,2,3.02,2.88,0.0,0.0,0.0
250,clean_sink,3,5.56,3.27,0.0,0.0,7.5
250,clean_sink,4,6.4,2.64,0.0,0.0,7.5
251,vacuum_downstairs,1,16.87,10.16,15.0,15.0,15.0
251,vacuum_downstairs,2,8.94,12.07,15.0,15.0,7.5
251,vacuum_downstairs,3,7.72,18.0,15.0,15.0,7.5
251,vacuum_downstairs,4,16.11,14.93,15.0,15.0,15.0
252,trash_recycling,1,40.74,14.87,45.0,15.0,37.5
252,trash_recycling,2,24.75,19.22,30.0,15.0,22.5
252,trash_recycling,3,24.55,11.84,30.0,15.0,22.5
252,trash_recycling,4,32.05,13.02,30.0,15.0,30.0
253,put_away_dishes,1,27.38,16.87,30.0,15.0,30.0
253,put_away_dishes,2,11.53,11.0,15.0,15.0,15.0
253,put_away_dishes,3,12.85,12.17,15.0,15.0,15.0
253,put_away_dishes,4,28.25,14.49,30.0,15.0,30.0
254,kitchen_surfaces,1,20.24,15.41,15.0,15.0,22.5
254,kitchen_surfaces,2,8.23,15.88,15.0,15.0,7.5
254,kitchen_surfaces,3,9.13,7.91,15.0,15.0,7.5
254,kitchen_surfaces,4,14.15,6.21,15.0,0.0,15.0
255,trash_recycling,1,47.63,11.72,45.0,15.0,45.0
255,trash_recycling,2,19.36,14.68,15.0,15.0,22.5
255,trash_recycling,3,26.13,10.84,30.0,15.0,22.5
255,trash_recycling,4,43.56,10.16,45.0,15.0,45.0
256,put_away_dishes,1,38.06,14.86,45.0,15.0,37.5
256,put_away_dishes,2,10.0,13.19,15.0,15.0,7.5
256,put_away_dishes,3,25.56,16.5,30.0,15.0,22.5
256,put_away_dishes,4,30.26,11.12,30.0,15.0,30.0
257,vacuum_downstairs,1,13.67,15.7,15.0,15.0,15.0
257,vacuum_downstairs,2,8.02,15.07,15.0,15.0,7.5
257,vacuum_downstairs,3,8.63,15.16,15.0,15.0,7.5
257,vacuum_downstairs,4,14.17,17.27,15.0,15.0,15.0
258,clean_bathrooms,1,28.44,59.54,30.0,45.0,30.0
258,clean_bathrooms,2,16.43,49.97,15.0,45.0,15.0
258,clean_bathrooms,3,11.73,42.66,15.0,45.0,15.0
258,clean_bathrooms,4,22.62,48.93,30.0,45.0,22.5
259,trash_recycling,1,38.53,13.71,45.0,15.0,37.5
259,trash_recycling,2,20.35,16.86,15.0,15.0,22.5
259,trash_recycling,3,29.43,13.13,30.0,15.0,30.0
259,trash_recycling,4,37.77,13.03,45.0,15.0,37.5
260,kitchen_surfaces,1,20.29,11.12,15.0,15.0,22.5
260,kitchen_surfaces,2,7.4,14.62,0.0,15.0,7.5
260,kitchen_surfaces,3,12.5,10.64,15.0,15.0,15.0
260,kitchen_surfaces,4,13.15,9.74,15.0,15.0,15.0
261,trash_recycling,1,53.2,19.67,45.0,15.0,45.0
261,trash_recycling,2,20.16,12.98,15.0,15.0,22.5
261,trash_recycling,3,22.16,15.71,15.0,15.0,22.5
261,trash_recycling,4,40.69,8.87,45.0,15.0,37.5
262,clean_microwave,1,8.11,8.89,15.0,15.0,7.5
262,clean_microwave,2,3.63,6.52,0.0,0.0,0.0
262,clean_microwave,3,3.83,6.73,0.0,0.0,7.5
262,clean_microwave,4,4.62,4.84,0.0,0.0,7.5
263,put_away_dishes,1,23.93,9.36,30.0,15.0,22.5
263,put_away_dishes,2,18.33,17.45,15.0,15.0,15.0
263,put_away_dishes,3,15.46,9.39,15.0,15.0,15.0
263,put_away_dishes,4,23.9,9.5,30.0,15.0,22.5
264,put_away_dishes,1,26.0,12.29,30.0,15.0,22.5
264,put_away_dishes,2,14.67,16.76,15.0,15.0,15.0
264,put_away_dishes,3,11.34,13.47,15.0,15.0,15.0
264,put_away_dishes,4,22.01,12.16,15.0,15.0,22.5
265,kitchen_surfaces,1,14.07,9.65,15.0,15.0,15.0
265,kitchen_surfaces,2,10.04,17.09,15.0,15.0,7.5
265,kitchen_surfaces,3,14.26,10.62,15.0,15.0,15.0
265,kitchen_surfaces,4,15.89,12.58,15.0,15.0,15.0
266,vacuum_downstairs,1,18.8,14.47,15.0,15.0,22.5
266,vacuum_downstairs,2,10.38,17.68,15.0,15.0,7.5
266,vacuum_downstairs,3,9.35,12.33,15.0,15.0,7.5
266,vacuum_downstairs,4,14.9,10.55,15.0,15.0,15.0
267,kitchen_surfaces,1,18.67,7.51,15.0,15.0,15.0
267,kitchen_surfaces,2,9.63,24.31,15.0,30.0,7.5
267,kitchen_surfaces,3,7.78,12.07,15.0,15.0,7.5
267,kitchen_surfaces,4,16.52,9.02,15.0,15.0,15.0
268,trash_recycling,1,39.88,12.7,45.0,15.0,37.5
268,trash_recycling,2,28.46,17.28,30.0,15.0,30.0
268,trash_recycling,3,23.88,11.79,30.0,15.0,22.5
268,trash_recycling,4,38.66,10.08,45.0,15.0,37.5
269,clean_microwave,1,8.86,5.65,15.0,0.0,7.5
269,clean_microwave,2,4.25,6.84,0.0,0.0,7.5
269,clean_microwave,3,4.99,8.76,0.0,15.0,7.5
269,clean_microwave,4,6.31,6.17,0.0,0.0,7.5
270,vacuum_downstairs,1,17.09,14.85,15.0,15.0,15.0
270,vacuum_downstairs,2,7.69,13.55,15.0,15.0,7.5
270,vacuum_downstairs,3,6.84,9.87,0.0,15.0,7.5
270,vacuum_downstairs,4,15.45,15.94,15.0,15.0,15.0
271,kitchen_surfaces,1,15.93,9.91,15.0,15.0,15.0
271,kitchen_surfaces,2,9.86,9.08,15.0,15.0,7.5
271,kitchen_surfaces,3,9.31,10.09,15.0,15.0,7.5
271,kitchen_surfaces,4,13.04,8.21,15.0,15.0,15.0
272,kitchen_surfaces,1,17.27,13.33,15.0,15.0,15.0
272,kitchen_surfaces,2,10.38,10.45,15.0,15.0,7.5
272,kitchen_surfaces,3,8.76,8.11,15.0,15.0,7.5
272,kitchen_surfaces,4,15.27,12.39,15.0,15.0,15.0
273,kitchen_surfaces,1,22.12,12.96,15.0,15.0,22.5
273,kitchen_surfaces,2,8.47,12.58,15.0,15.0,7.5
273,kitchen_surfaces,3,8.76,8.69,15.0,15.0,7.5
273,kitchen_surfaces,4,21.23,8.81,15.0,15.0,22.5
274,clean_microwave,1,9.88,7.53,15.0,15.0,7.5
274,clean_microwave,2,3.88,8.58,0.0,15.0,7.5
274,clean_microwave,3,3.88,6.39,0.0,0.0,7.5
274,clean_microwave,4,6.55,6.0,0.0,0.0,7.5
275,trash_recycling,1,51.64,18.37,45.0,15.0,45.0
275,trash_recycling,2,31.64,20.01,30.0,15.0,30.0
275,trash_recycling,3,17.35,9.76,15.0,15.0,15.0
275,trash_recycling,4,33.02,13.85,30.0,15.0,30.0
276,trash_recycling,1,35.32,12.37,30.0,15.0,37.5
276,trash_recycling,2,19.73,18.31,15.0,15.0,22.5
276,trash_recycling,3,21.42,13.93,15.0,15.0,22.5
276,trash_recycling,4,30.85,10.09,30.0,15.0,30.0
277,trash_recycling,1,51.48,11.14,45.0,15.0,45.0
277,trash_recycling,2,20.9,20.89,15.0,15.0,22.5
277,trash_recycling,3,24.67,11.55,30.0,15.0,22.5
277,trash_recycling,4,42.61,12.3,45.0,15.0,45.0
278,trash_recycling,1,29.73,9.02,30.0,15.0,30.0
278,trash_recycling,2,20.46,15.5,15.0,15.0,22.5
278,trash_recycling,3,22.06,12.4,15.0,15.0,22.5
278,trash_recycling,4,44.09,12.42,45.0,15.0,45.0
279,put_away_dishes,1,37.62,11.92,45.0,15.0,37.5
279,put_away_dishes,2,11.53,17.31,15.0,15.0,15.0
279,put_away_dishes,3,11.68,12.94,15.0,15.0,15.0
279,put_away_dishes,4,32.59,12.76,30.0,15.0,30.0
280,clean_sink,1,8.47,3.14,15.0,0.0,7.5
280,clean_sink,2,5.19,3.37,0.0,0.0,7.5
280,clean_sink,3,3.74,2.64,0.0,0.0,0.0
280,clean_sink,4,5.8,3.04,0.0,0.0,7.5
281,vacuum_downstairs,1,10.75,14.5,15.0,15.0,7.5
281,vacuum_downstairs,2,6.8,28.53,0.0,30.0,7.5
281,vacuum_downstairs,3,5.77,7.83,0.0,15.0,7.5
281,vacuum_downstairs,4,12.37,10.19,15.0,15.0,15.0
282,vacuum_downstairs,1,14.1,10.69,15.0,15.0,15.0
282,vacuum_downstairs,2,8.48,14.38,15.0,15.0,7.5
282,vacuum_downstairs,3,11.57,15.55,15.0,15.0,15.0
282,vacuum_downstairs,4,14.48,10.28,15.0,15.0,15.0
283,kitchen_surfaces,1,16.59,10.67,15.0,15.0,15.0
283,kitchen_surfaces,2,8.14,11.82,15.0,15.0,7.5
283,kitchen_surfaces,3,7.32,6.97,0.0,0.0,7.5
283,kitchen_surfaces,4,15.34,10.89,15.0,15.0,15.0
284,clean_microwave,1,7.56,7.41,15.0,0.0,7.5
284,clean_microwave,2,2.76,8.34,0.0,15.0,0.0
284,clean_microwave,3,3.67,5.05,0.0,0.0,0.0
284,clean_microwave,4,6.22,4.33,0.0,0.0,7.5
285,put_away_dishes,1,26.06,14.07,30.0,15.0,22.5
285,put_away_dishes,2,12.95,15.34,15.0,15.0,15.0
285,put_away_dishes,3,15.83,12.6,15.0,15.0,15.0
285,put_away_dishes,4,21.99,10.14,15.0,15.0,22.5
286,put_away_dishes,1,37.25,15.13,30.0,15.0,37.5
286,put_away_dishes,2,14.68,12.87,15.0,15.0,15.0
286,put_away_dishes,3,15.17,23.92,15.0,30.0,15.0
286,put_away_dishes,4,32.73,16.79,30.0,15.0,30.0
287,put_away_dishes,1,34.6,17.07,30.0,15.0,37.5
287,put_away_dishes,2,12.54,12.46,15.0,15.0,15.0
287,put_away_dishes,3,16.18,14.45,15.0,15.0,15.0
287,put_away_dishes,4,19.87,9.46,15.0,15.0,22.5
288,kitchen_surfaces,1,22.51,12.82,30.0,15.0,22.5
288,kitchen_surfaces,2,8.89,16.04,15.0,15.0,7.5
288,kitchen_surfaces,3,11.5,13.36,15.0,15.0,15.0
288,kitchen_surfaces,4,15.59,8.96,15.0,15.0,15.0
289,put_away_dishes,1,31.96,12.79,30.0,15.0,30.0
289,put_away_dishes,2,13.11,11.59,15.0,15.0,15.0
289,put_away_dishes,3,14.74,8.38,15.0,15.0,15.0
289,put_away_dishes,4,21.15,16.55,15.0,15.0,22.5
290,clean_sink,1,7.7,3.11,15.0,0.0,7.5
290,clean_sink,2,3.82,3.12,0.0,0.0,7.5
290,clean_sink,3,5.61,3.29,0.0,0.0,7.5
290,clean_sink,4,8.55,2.08,15.0,0.0,7.5
291,clean_sink,1,6.57,2.61,0.0,0.0,7.5
291,clean_sink,2,3.85,4.52,0.0,0.0,7.5
291,clean_sink,3,4.32,3.44,0.0,0.0,7.5
291,clean_sink,4,8.3,2.33,15.0,0.0,7.5
292,put_away_dishes,1,34.58,21.7,30.0,15.0,37.5
292,put_away_dishes,2,16.01,19.14,15.0,15.0,15.0
292,put_away_dishes,3,12.14,10.86,15.0,15.0,15.0
292,put_away_dishes,4,24.08,9.23,30.0,15.0,22.5
293,clean_bathrooms,1,22.01,45.69,15.0,45.0,22.5
293,clean_bathrooms,2,12.04,64.17,15.0,45.0,15.0
293,clean_bathrooms,3,11.71,48.99,15.0,45.0,15.0
293,clean_bathrooms,4,17.26,45.34,15.0,45.0,15.0
294,put_away_dishes,1,23.29,14.14,30.0,15.0,22.5
294,put_away_dishes,2,16.19,11.94,15.0,15.0,15.0
294,put_away_dishes,3,17.94,13.62,15.0,15.0,15.0
294,put_away_dishes,4,28.74,13.77,30.0,15.0,30.0
295,trash_recycling,1,50.05,11.09,45.0,15.0,45.0
295,trash_recycling,2,21.31,15.5,15.0,15.0,22.5
295,trash_recycling,3,19.66,12.38,15.0,15.0,22.5
295,trash_recycling,4,50.9,12.96,45.0,15.0,45.0
296,kitchen_surfaces,1,17.53,11.53,15.0,15.0,15.0
296,kitchen_surfaces,2,7.01,13.84,0.0,15.0,7.5
296,kitchen_surfaces,3,11.26,10.82,15.0,15.0,15.0
296,kitchen_surfaces,4,14.84,8.42,15.0,15.0,15.0
297,kitchen_surfaces,1,16.9,12.69,15.0,15.0,15.0
297,kitchen_surfaces,2,7.05,9.13,0.0,15.0,7.5
297,kitchen_surfaces,3,11.99,9.16,15.0,15.0,15.0
297,kitchen_surfaces,4,16.94,8.02,15.0,15.0,15.0
298,vacuum_downstairs,1,14.8,11.77,15.0,15.0,15.0
298,vacuum_downstairs,2,8.89,17.71,15.0,15.0,7.5
298,vacuum_downstairs,3,10.53,12.28,15.0,15.0,7.5
298,vacuum_downstairs,4,11.7,11.34,15.0,15.0,15.0
299,put_away_dishes,1,30.05,12.05,30.0,15.0,30.0
299,put_away_dishes,2,19.54,19.15,15.0,15.0,22.5
299,put_away_dishes,3,12.95,11.35,15.0,15.0,15.0
299,put_away_dishes,4,29.16,13.76,30.0,15.0,30.0
300,put_away_dishes,1,30.56,10.78,30.0,15.0,30.0
300,put_away_dishes,2,20.1,16.36,15.0,15.0,22.5
300,put_away_dishes,3,11.98,13.65,15.0,15.0,15.0
300,put_away_dishes,4,27.13,10.88,30.0,15.0,30.0
301,vacuum_downstairs,1,14.6,12.59,15.0,15.0,15.0
301,vacuum_downstairs,2,6.22,16.65,0.0,15.0,7.5
301,vacuum_downstairs,3,9.35,15.63,15.0,15.0,7.5
301,vacuum_downstairs,4,13.57,11.7,15.0,15.0,15.0
302,kitchen_surfaces,1,17.84,8.74,15.0,15.0,15.0
302,kitchen_surfaces,2,6.35,13.35,0.0,15.0,7.5
302,kitchen_surfaces,3,8.99,9.94,15.0,15.0,7.5
302,kitchen_surfaces,4,17.76,8.18,15.0,15.0,15.0
303,trash_recycling,1,45.89,11.77,45.0,15.0,45.0
303,trash_recycling,2,26.19,16.63,30.0,15.0,22.5
303,trash_recycling,3,29.55,12.17,30.0,15.0,30.0
303,trash_recycling,4,36.17,16.65,30.0,15.0,37.5
304,vacuum_downstairs,1,16.4,8.81,15.0,15.0,15.0
304,vacuum_downstairs,2,8.35,15.74,15.0,15.0,7.5
304,vacuum_downstairs,3,8.66,12.55,15.0,15.0,7.5
304,vacuum_downstairs,4,20.08,18.3,15.0,15.0,22.5
305,put_away_dishes,1,39.0,9.94,45.0,15.0,37.5
305,put_away_dishes,2,15.13,14.91,15.0,15.0,15.0
305,put_away_dishes,3,16.51,12.5,15.0,15.0,15.0
305,put_away_dishes,4,23.02,8.74,30.0,15.0,22.5
306,clean_bathrooms,1,26.96,53.71,30.0,45.0,30.0
306,clean_bathrooms,2,16.02,86.08,15.0,45.0,15.0
306,clean_bathrooms,3,14.47,52.69,15.0,45.0,15.0
306,clean_bathrooms,4,21.37,40.71,15.0,45.0,22.5
307,put_away_dishes,1,26.03,13.26,30.0,15.0,22.5
307,put_away_dishes,2,17.72,18.41,15.0,15.0,15.0
307,put_away_dishes,3,17.36,12.18,15.0,15.0,15.0
307,put_away_dishes,4,24.45,9.49,30.0,15.0,22.5
308,put_away_dishes,1,27.76,9.9,30.0,15.0,30.0
308,put_away_dishes,2,18.33,22.06,15.0,15.0,15.0
308,put_away_dishes,3,14.75,15.67,15.0,15.0,15.0
308,put_away_dishes,4,19.98,10.83,15.0,15.0,22.5
309,kitchen_surfaces,1,16.38,9.56,15.0,15.0,15.0
309,kitchen_surfaces,2,13.46,12.5,15.0,15.0,15.0
309,kitchen_surfaces,3,8.55,12.3,15.0,15.0,7.5
309,kitchen_surfaces,4,15.29,7.87,15.0,15.0,15.0
310,clean_sink,1,6.66,2.53,0.0,0.0,7.5
310,clean_sink,2,3.19,2.99,0.0,0.0,0.0
310,clean_sink,3,4.41,3.05,0.0,0.0,7.5
310,clean_sink,4,4.31,1.9,0.0,0.0,7.5
311,clean_sink,1,5.94,2.83,0.0,0.0,7.5
311,clean_sink,2,3.83,2.79,0.0,0.0,7.5
311,clean_sink,3,4.67,3.36,0.0,0.0,7.5
311,clean_sink,4,5.79,2.88,0.0,0.0,7.5
312,put_away_dishes,1,30.09,15.09,30.0,15.0,30.0
312,put_away_dishes,2,20.24,15.72,15.0,15.0,22.5
312,put_away_dishes,3,14.79,13.01,15.0,15.0,15.0
312,put_away_dishes,4,31.73,15.53,30.0,15.0,30.0
313,kitchen_surfaces,1,14.68,11.37,15.0,15.0,15.0
313,kitchen_surfaces,2,12.62,16.36,15.0,15.0,15.0
313,kitchen_surfaces,3,9.39,10.47,15.0,15.0,7.5
313,kitchen_surfaces,4,20.77,15.32,15.0,15.0,22.5
314,trash_recycling,1,43.9,13.23,45.0,15.0,45.0
314,trash_recycling,2,17.18,17.88,15.0,15.0,15.0
314,trash_recycling,3,29.22,16.71,30.0,15.0,30.0
314,trash_recycling,4,26.54,14.55,30.0,15.0,30.0
315,put_away_dishes,1,36.8,14.59,30.0,15.0,37.5
315,put_away_dishes,2,17.34,13.4,15.0,15.0,15.0
315,put_away_dishes,3,15.03,14.47,15.0,15.0,15.0
315,put_away_dishes,4,26.93,12.03,30.0,15.0,30.0
316,kitchen_surfaces,1,24.77,12.83,30.0,15.0,22.5
316,kitchen_surfaces,2,9.05,13.93,15.0,15.0,7.5
316,kitchen_surfaces,3,12.71,11.93,15.0,15.0,15.0
316,kitchen_surfaces,4,16.43,8.63,15.0,15.0,15.0
317,clean_bathrooms,1,32.57,53.0,30.0,45.0,30.0
317,clean_bathrooms,2,12.47,64.9,15.0,45.0,15.0
317,clean_bathrooms,3,15.19,61.31,15.0,45.0,15.0
317,clean_bathrooms,4,22.69,25.29,30.0,30.0,22.5
318,vacuum_downstairs,1,16.99,25.86,15.0,30.0,15.0
318,vacuum_downstairs,2,7.35,16.79,0.0,15.0,7.5
318,vacuum_downstairs,3,8.06,12.82,15.0,15.0,7.5
318,vacuum_downstairs,4,19.54,11.68,15.0,15.0,22.5
319,kitchen_surfaces,1,18.83,11.77,15.0,15.0,22.5
319,kitchen_surfaces,2,13.8,15.71,15.0,15.0,15.0
319,kitchen_surfaces,3,7.35,4.92,0.0,0.0,7.5
319,kitchen_surfaces,4,17.32,9.51,15.0,15.0,15.0
320,trash_recycling,1,39.04,15.98,45.0,15.0,37.5
320,trash_recycling,2,17.44,13.84,15.0,15.0,15.0
320,trash_recycling,3,22.69,16.53,30.0,15.0,22.5
320,trash_recycling,4,46.16,10.28,45.0,15.0,45.0
321,clean_sink,1,7.59,2.76,15.0,0.0,7.5
321,clean_sink,2,3.47,3.97,0.0,0.0,0.0
321,clean_sink,3,3.87,3.16,0.0,0.0,7.5
321,clean_sink,4,7.04,2.51,0.0,0.0,7.5
322,trash_recycling,1,46.41,14.42,45.0,15.0,45.0
322,trash_recycling,2,22.58,16.02,30.0,15.0,22.5
322,trash_recycling,3,27.73,13.01,30.0,15.0,30.0
322,trash_recycling,4,30.06,12.0,30.0,15.0,30.0
323,clean_sink,1,8.88,4.08,15.0,0.0,7.5
323,clean_sink,2,4.73,5.25,0.0,0.0,7.5
323,clean_sink,3,4.52,2.06,0.0,0.0,7.5
323,clean_sink,4,5.95,3.07,0.0,0.0,7.5
324,trash_recycling,1,43.04,11.39,45.0,15.0,45.0
324,trash_recycling,2,19.94,15.61,15.0,15.0,22.5
324,trash_recycling,3,22.56,9.38,30.0,15.0,22.5
324,trash_recycling,4,38.54,9.85,45.0,15.0,37.5
325,kitchen_surfaces,1,18.42,8.61,15.0,15.0,15.0
325,kitchen_surfaces,2,11.83,13.3,15.0,15.0,15.0
325,kitchen_surfaces,3,9.45,9.23,15.0,15.0,7.5
325,kitchen_surfaces,4,15.26,7.85,15.0,15.0,15.0
326,trash_recycling,1,46.16,11.6,45.0,15.0,45.0
326,trash_recycling,2,20.02,16.12,15.0,15.0,22.5
326,trash_recycling,3,25.92,11.76,30.0,15.0,22.5
326,trash_recycling,4,55.04,10.46,45.0,15.0,45.0
327,trash_recycling,1,49.28,16.94,45.0,15.0,45.0
327,trash_recycling,2,17.72,17.26,15.0,15.0,15.0
327,trash_recycling,3,26.33,12.63,30.0,15.0,30.0
327,trash_recycling,4,36.19,12.31,30.0,15.0,37.5
328,clean_sink,1,8.69,2.4,15.0,0.0,7.5
328,clean_sink,2,3.61,4.04,0.0,0.0,0.0
328,clean_sink,3,3.98,3.27,0.0,0.0,7.5
328,clean_sink,4,6.56,2.4,0.0,0.0,7.5
329,vacuum_downstairs,1,16.48,10.86,15.0,15.0,15.0
329,vacuum_downstairs,2,6.94,14.4,0.0,15.0,7.5
329,vacuum_downstairs,3,7.18,8.15,0.0,15.0,7.5
329,vacuum_downstairs,4,11.65,9.91,15.0,15.0,15.0
330,kitchen_surfaces,1,18.13,10.07,15.0,15.0,15.0
330,kitchen_surfaces,2,9.09,10.0,15.0,15.0,7.5
330,kitchen_surfaces,3,10.24,6.65,15.0,0.0,7.5
330,kitchen_surfaces,4,15.09,7.99,15.0,15.0,15.0
331,trash_recycling,1,43.32,14.19,45.0,15.0,45.0
331,trash_recycling,2,28.97,19.79,30.0,15.0,30.0
331,trash_recycling,3,27.99,14.42,30.0,15.0,30.0
331,trash_recycling,4,38.99,15.65,45.0,15.0,37.5
332,vacuum_downstairs,1,17.39,10.11,15.0,15.0,15.0
332,vacuum_downstairs,2,10.59,19.0,15.0,15.0,7.5
332,vacuum_downstairs,3,5.14,11.79,0.0,15.0,7.5
332,vacuum_downstairs,4,14.27,14.8,15.0,15.0,15.0
333,kitchen_surfaces,1,22.61,11.74,30.0,15.0,22.5
333,kitchen_surfaces,2,9.63,13.43,15.0,15.0,7.5
333,kitchen_surfaces,3,8.21,10.24,15.0,15.0,7.5
333,kitchen_surfaces,4,12.86,11.8,15.0,15.0,15.0
334,clean_sink,1,5.89,2.33,0.0,0.0,7.5
334,clean_sink,2,5.5,3.26,0.0,0.0,7.5
334,clean_sink,3,3.81,2.15,0.0,0.0,7.5
334,clean_sink,4,7.36,3.24,0.0,0.0,7.5
335,kitchen_surfaces,1,18.36,11.49,15.0,15.0,15.0
335,kitchen_surfaces,2,9.74,13.14,15.0,15.0,7.5
335,kitchen_surfaces,3,13.1,11.05,15.0,15.0,15.0
335,kitchen_surfaces,4,15.44,9.47,15.0,15.0,15.0
336,kitchen_surfaces,1,16.37,15.09,15.0,15.0,15.0
336,kitchen_surfaces,2,8.81,14.5,15.0,15.0,7.5
336,kitchen_surfaces,3,11.22,7.51,15.0,15.0,7.5
336,kitchen_surfaces,4,16.07,8.16,15.0,15.0,15.0
337,vacuum_downstairs,1,17.77,15.93,15.0,15.0,15.0
337,vacuum_downstairs,2,8.6,21.69,15.0,15.0,7.5
337,vacuum_downstairs,3,10.05,11.8,15.0,15.0,7.5
337,vacuum_downstairs,4,11.54,14.46,15.0,15.0,15.0
338,put_away_dishes,1,22.99,11.48,30.0,15.0,22.5
338,put_away_dishes,2,15.83,21.69,15.0,15.0,15.0
338,put_away_dishes,3,15.77,12.28,15.0,15.0,15.0
338,put_away_dishes,4,24.13,8.09,30.0,15.0,22.5
339,clean_microwave,1,6.47,5.03,0.0,0.0,7.5
339,clean_microwave,2,3.58,7.02,0.0,0.0,0.0
339,clean_microwave,3,4.68,7.58,0.0,15.0,7.5
339,clean_microwave,4,5.06,6.82,0.0,0.0,7.5
340,put_away_dishes,1,31.44,13.41,30.0,15.0,30.0
340,put_away_dishes,2,14.01,14.03,15.0,15.0,15.0
340,put_away_dishes,3,15.03,11.66,15.0,15.0,15.0
340,put_away_dishes,4,28.72,16.62,30.0,15.0,30.0
341,trash_recycling,1,46.95,14.01,45.0,15.0,45.0
341,trash_recycling,2,29.31,13.69,30.0,15.0,30.0
341,trash_recycling,3,23.48,10.15,30.0,15.0,22.5
341,trash_recycling,4,34.16,9.54,30.0,15.0,37.5
342,clean_sink,1,7.87,3.79,15.0,0.0,7.5
342,clean_sink,2,4.59,3.08,0.0,0.0,7.5
342,clean_sink,3,4.0,2.92,0.0,0.0,7.5
342,clean_sink,4,5.82,2.47,0.0,0.0,7.5
343,vacuum_downstairs,1,10.92,14.32,15.0,15.0,7.5
343,vacuum_downstairs,2,9.75,20.59,15.0,15.0,7.5
343,vacuum_downstairs,3,10.19,16.18,15.0,15.0,7.5
343,vacuum_downstairs,4,15.05,18.34,15.0,15.0,15.0
344,trash_recycling,1,61.22,15.27,45.0,15.0,45.0
344,trash_recycling,2,21.25,15.53,15.0,15.0,22.5
344,trash_recycling,3,27.85,9.84,30.0,15.0,30.0
344,trash_recycling,4,30.96,10.35,30.0,15.0,30.0
345,trash_recycling,1,51.92,13.42,45.0,15.0,45.0
345,trash_recycling,2,23.97,20.52,30.0,15.0,22.5
345,trash_recycling,3,19.47,10.63,15.0,15.0,22.5
345,trash_recycling,4,46.45,11.78,45.0,15.0,45.0
346,kitchen_surfaces,1,18.77,14.06,15.0,15.0,22.5
346,kitchen_surfaces,2,8.18,11.71,15.0,15.0,7.5
346,kitchen_surfaces,3,12.95,15.09,15.0,15.0,15.0
346,kitchen_surfaces,4,18.26,10.56,15.0,15.0,15.0
347,trash_recycling,1,38.82,13.86,45.0,15.0,37.5
347,trash_recycling,2,24.85,16.2,30.0,15.0,22.5
347,trash_recycling,3,28.63,16.1,30.0,15.0,30.0
347,trash_recycling,4,40.99,10.43,45.0,15.0,37.5
348,put_away_dishes,1,30.33,20.33,30.0,15.0,30.0
348,put_away_dishes,2,17.73,16.11,15.0,15.0,15.0
348,put_away_dishes,3,14.49,15.54,15.0,15.0,15.0
348,put_away_dishes,4,29.93,10.72,30.0,15.0,30.0
349,vacuum_downstairs,1,20.1,14.35,15.0,15.0,22.5
349,vacuum_downstairs,2,8.8,14.74,15.0,15.0,7.5
349,vacuum_downstairs,3,8.36,8.81,15.0,15.0,7.5
349,vacuum_downstairs,4,13.46,10.9,15.0,15.0,15.0
350,kitchen_surfaces,1,28.25,13.27,30.0,15.0,30.0
350,kitchen_surfaces,2,8.52,11.85,15.0,15.0,7.5
350,kitchen_surfaces,3,9.34,8.27,15.0,15.0,7.5
350,kitchen_surfaces,4,15.71,10.47,15.0,15.0,15.0
351,clean_microwave,1,7.23,4.54,0.0,0.0,7.5
351,clean_microwave,2,3.67,8.03,0.0,15.0,0.0
351,clean_microwave,3,4.21,5.54,0.0,0.0,7.5
351,clean_microwave,4,7.14,5.13,0.0,0.0,7.5
352,clean_bathrooms,1,26.65,43.88,30.0,45.0,30.0
352,clean_bathrooms,2,13.42,59.6,15.0,45.0,15.0
352,clean_bathrooms,3,14.91,49.06,15.0,45.0,15.0
352,clean_bathrooms,4,23.66,44.86,30.0,45.0,22.5
353,clean_bathrooms,1,36.81,68.36,30.0,45.0,37.5
353,clean_bathrooms,2,13.11,57.55,15.0,45.0,15.0
353,clean_bathrooms,3,13.15,56.88,15.0,45.0,15.0
353,clean_bathrooms,4,19.28,44.85,15.0,45.0,22.5
354,clean_bathrooms,1,29.05,65.86,30.0,45.0,30.0
354,clean_bathrooms,2,15.01,69.83,15.0,45.0,15.0
354,clean_bathrooms,3,14.64,42.83,15.0,45.0,15.0
354,clean_bathrooms,4,24.55,44.83,30.0,45.0,22.5
355,clean_sink,1,8.52,3.12,15.0,0.0,7.5
355,clean_sink,2,3.72,3.12,0.0,0.0,0.0
355,clean_sink,3,4.62,2.78,0.0,0.0,7.5
355,clean_sink,4,6.61,3.51,0.0,0.0,7.5
356,trash_recycling,1,53.72,15.29,45.0,15.0,45.0
356,trash_recycling,2,19.57,11.77,15.0,15.0,22.5
356,trash_recycling,3,24.6,13.65,30.0,15.0,22.5
356,trash_recycling,4,36.3,14.27,30.0,15.0,37.5
357,put_away_dishes,1,22.75,10.02,30.0,15.0,22.5
357,put_away_dishes,2,15.17,18.96,15.0,15.0,15.0
357,put_away_dishes,3,19.33,17.0,15.0,15.0,22.5
357,put_away_dishes,4,21.58,9.58,15.0,15.0,22.5
358,clean_bathrooms,1,30.04,45.73,30.0,45.0,30.0
358,clean_bathrooms,2,22.07,97.37,15.0,45.0,22.5
358,clean_bathrooms,3,16.45,43.16,15.0,45.0,15.0
358,clean_bathrooms,4,28.87,37.1,30.0,30.0,30.0
359,trash_recycling,1,49.06,16.6,45.0,15.0,45.0
359,trash_recycling,2,28.52,17.56,30.0,15.0,30.0
359,trash_recycling,3,18.39,10.87,15.0,15.0,15.0
359,trash_recycling,4,34.62,8.09,30.0,15.0,37.5
360,put_away_dishes,1,19.22,11.39,15.0,15.0,22.5
360,put_away_dishes,2,19.38,11.11,15.0,15.0,22.5
360,put_away_dishes,3,16.65,11.77,15.0,15.0,15.0
360,put_away_dishes,4,25.01,13.21,30.0,15.0,22.5
361,trash_recycling,1,44.0,16.31,45.0,15.0,45.0
361,trash_recycling,2,18.17,20.62,15.0,15.0,15.0
361,trash_recycling,3,19.61,9.89,15.0,15.0,22.5
361,trash_recycling,4,35.2,9.72,30.0,15.0,37.5
362,kitchen_surfaces,1,18.0,14.73,15.0,15.0,15.0
362,kitchen_surfaces,2,11.66,13.53,15.0,15.0,15.0
362,kitchen_surfaces,3,11.54,9.9,15.0,15.0,15.0
362,kitchen_surfaces,4,13.36,10.13,15.0,15.0,15.0
363,vacuum_downstairs,1,12.97,12.66,15.0,15.0,15.0
363,vacuum_downstairs,2,8.26,17.58,15.0,15.0,7.5
363,vacuum_downstairs,3,7.27,9.89,0.0,15.0,7.5
363,vacuum_downstairs,4,15.39,15.94,15.0,15.0,15.0
364,kitchen_surfaces,1,12.86,11.12,15.0,15.0,15.0
364,kitchen_surfaces,2,7.19,13.59,0.0,15.0,7.5
364,kitchen_surfaces,3,10.79,7.95,15.0,15.0,7.5
364,kitchen_surfaces,4,15.54,4.82,15.0,0.0,15.0
365,trash_recycling,1,42.59,16.63,45.0,15.0,45.0
365,trash_recycling,2,26.69,22.01,30.0,15.0,30.0
365,trash_recycling,3,24.04,13.11,30.0,15.0,22.5
365,trash_recycling,4,36.08,14.29,30.0,15.0,37.5
366,clean_bathrooms,1,25.36,70.94,30.0,45.0,22.5
366,clean_bathrooms,2,15.9,83.92,15.0,45.0,15.0
366,clean_bathrooms,3,19.96,46.89,15.0,45.0,22.5
366,clean_bathrooms,4,19.17,31.97,15.0,30.0,22.5
367,put_away_dishes,1,35.31,13.42,30.0,15.0,37.5
367,put_away_dishes,2,15.39,19.88,15.0,15.0,15.0
367,put_away_dishes,3,22.12,17.02,15.0,15.0,22.5
367,put_away_dishes,4,20.97,12.69,15.0,15.0,22.5
368,clean_microwave,1,6.56,7.5,0.0,0.0,7.5
368,clean_microwave,2,4.01,4.25,0.0,0.0,7.5
368,clean_microwave,3,4.44,6.52,0.0,0.0,7.5
368,clean_microwave,4,6.16,4.05,0.0,0.0,7.5
369,clean_sink,1,8.32,3.71,15.0,0.0,7.5
369,clean_sink,2,3.81,3.11,0.0,0.0,7.5
369,clean_sink,3,4.74,3.65,0.0,0.0,7.5
369,clean_sink,4,5.38,1.97,0.0,0.0,7.5
370,clean_bathrooms,1,25.01,56.97,30.0,45.0,22.5
370,clean_bathrooms,2,10.67,56.78,15.0,45.0,7.5
370,clean_bathrooms,3,19.48,52.45,15.0,45.0,22.5
370,clean_bathrooms,4,22.23,58.7,15.0,45.0,22.5
371,kitchen_surfaces,1,18.57,10.32,15.0,15.0,15.0
371,kitchen_surfaces,2,10.04,11.79,15.0,15.0,7.5
371,kitchen_surfaces,3,9.11,9.62,15.0,15.0,7.5
371,kitchen_surfaces,4,18.34,9.27,15.0,15.0,15.0
372,kitchen_surfaces,1,17.2,7.93,15.0,15.0,15.0
372,kitchen_surfaces,2,8.56,10.0,15.0,15.0,7.5
372,kitchen_surfaces,3,10.33,7.67,15.0,15.0,7.5
372,kitchen_surfaces,4,15.45,7.39,15.0,0.0,15.0
373,put_away_dishes,1,30.4,13.14,30.0,15.0,30.0
373,put_away_dishes,2,16.3,19.34,15.0,15.0,15.0
373,put_away_dishes,3,16.04,10.8,15.0,15.0,15.0
373,put_away_dishes,4,34.03,15.45,30.0,15.0,37.5
374,kitchen_surfaces,1,15.78,9.1,15.0,15.0,15.0
374,kitchen_surfaces,2,8.68,16.11,15.0,15.0,7.5
374,kitchen_surfaces,3,7.84,9.83,15.0,15.0,7.5
374,kitchen_surfaces,4,13.89,10.09,15.0,15.0,15.0
375,trash_recycling,1,41.49,14.51,45.0,15.0,45.0
375,trash_recycling,2,26.52,16.2,30.0,15.0,30.0
375,trash_recycling,3,17.98,9.54,15.0,15.0,15.0
375,trash_recycling,4,51.97,12.01,45.0,15.0,45.0
376,trash_recycling,1,44.89,13.44,45.0,15.0,45.0
376,trash_recycling,2,23.19,14.9,30.0,15.0,22.5
376,trash_recycling,3,27.23,13.61,30.0,15.0,30.0
376,trash_recycling,4,39.67,9.72,45.0,15.0,37.5
377,clean_microwave,1,7.77,5.35,15.0,0.0,7.5
377,clean_microwave,2,3.27,5.63,0.0,0.0,0.0
377,clean_microwave,3,5.08,6.52,0.0,0.0,7.5
377,clean_microwave,4,6.64,6.46,0.0,0.0,7.5
378,kitchen_surfaces,1,15.94,9.52,15.0,15.0,15.0
378,kitchen_surfaces,2,9.38,13.33,15.0,15.0,7.5
378,kitchen_surfaces,3,7.16,13.6,0.0,15.0,7.5
378,kitchen_surfaces,4,18.43,6.84,15.0,0.0,15.0
379,kitchen_surfaces,1,19.71,8.76,15.0,15.0,22.5
379,kitchen_surfaces,2,7.29,17.36,0.0,15.0,7.5
379,kitchen_surfaces,3,11.71,9.83,15.0,15.0,15.0
379,kitchen_surfaces,4,22.69,9.37,30.0,15.0,22.5
380,clean_microwave,1,5.99,6.25,0.0,0.0,7.5
380,clean_microwave,2,3.32,5.93,0.0,0.0,0.0
380,clean_microwave,3,4.17,4.46,0.0,0.0,7.5
380,clean_microwave,4,5.51,4.88,0.0,0.0,7.5
381,trash_recycling,1,45.55,12.15,45.0,15.0,45.0
381,trash_recycling,2,32.79,13.43,30.0,15.0,30.0
381,trash_recycling,3,29.03,9.54,30.0,15.0,30.0
381,trash_recycling,4,30.5,12.85,30.0,15.0,30.0
382,clean_microwave,1,7.56,4.98,15.0,0.0,7.5
382,clean_microwave,2,3.53,7.84,0.0,15.0,0.0
382,clean_microwave,3,3.97,3.78,0.0,0.0,7.5
382,clean_microwave,4,7.99,5.07,15.0,0.0,7.5
383,vacuum_downstairs,1,11.43,13.2,15.0,15.0,15.0
383,vacuum_downstairs,2,7.88,15.25,15.0,15.0,7.5
383,vacuum_downstairs,3,8.49,14.45,15.0,15.0,7.5
383,vacuum_downstairs,4,10.31,12.76,15.0,15.0,7.5
384,vacuum_downstairs,1,13.03,10.18,15.0,15.0,15.0
384,vacuum_downstairs,2,7.38,13.91,0.0,15.0,7.5
384,vacuum_downstairs,3,5.71,12.52,0.0,15.0,7.5
384,vacuum_downstairs,4,14.64,11.54,15.0,15.0,15.0
385,vacuum_downstairs,1,14.54,8.07,15.0,15.0,15.0
385,vacuum_downstairs,2,8.26,20.3,15.0,15.0,7.5
385,vacuum_downstairs,3,8.86,11.36,15.0,15.0,7.5
385,vacuum_downstairs,4,14.29,12.37,15.0,15.0,15.0
386,put_away_dishes,1,33.7,12.8,30.0,15.0,30.0
386,put_away_dishes,2,13.78,20.21,15.0,15.0,15.0
386,put_away_dishes,3,13.38,10.36,15.0,15.0,15.0
386,put_away_dishes,4,28.86,11.12,30.0,15.0,30.0
387,trash_recycling,1,42.63,15.99,45.0,15.0,45.0
387,trash_recycling,2,24.15,13.15,30.0,15.0,22.5
387,trash_recycling,3,32.35,12.05,30.0,15.0,30.0
387,trash_recycling,4,47.1,15.14,45.0,15.0,45.0
388,trash_recycling,1,42.66,17.91,45.0,15.0,45.0
388,trash_recycling,2,27.33,19.17,30.0,15.0,30.0
388,trash_recycling,3,23.42,12.51,30.0,15.0,22.5
388,trash_recycling,4,43.1,13.55,45.0,15.0,45.0
389,trash_recycling,1,43.54,19.56,45.0,15.0,45.0
389,trash_recycling,2,21.33,14.06,15.0,15.0,22.5
389,trash_recycling,3,26.27,11.2,30.0,15.0,30.0
389,trash_recycling,4,45.9,19.11,45.0,15.0,45.0
390,vacuum_downstairs,1,14.31,10.33,15.0,15.0,15.0
390,vacuum_downstairs,2,8.87,17.46,15.0,15.0,7.5
390,vacuum_downstairs,3,13.08,10.56,15.0,15.0,15.0
390,vacuum_downstairs,4,9.97,12.14,15.0,15.0,7.5
391,vacuum_downstairs,1,15.39,16.92,15.0,15.0,15.0
391,vacuum_downstairs,2,6.59,16.43,0.0,15.0,7.5
391,vacuum_downstairs,3,6.74,12.46,0.0,15.0,7.5
391,vacuum_downstairs,4,10.25,10.28,15.0,15.0,7.5
392,put_away_dishes,1,25.51,13.52,30.0,15.0,22.5
392,put_away_dishes,2,18.45,17.82,15.0,15.0,15.0
392,put_away_dishes,3,28.42,18.27,30.0,15.0,30.0
392,put_away_dishes,4,23.9,15.0,30.0,15.0,22.5
393,clean_microwave,1,6.32,6.29,0.0,0.0,7.5
393,clean_microwave,2,4.2,7.86,0.0,15.0,7.5
393,clean_microwave,3,5.0,6.26,0.0,0.0,7.5
393,clean_microwave,4,4.8,4.83,0.0,0.0,7.5
394,put_away_dishes,1,26.37,16.91,30.0,15.0,30.0
394,put_away_dishes,2,13.12,17.69,15.0,15.0,15.0
394,put_away_dishes,3,16.14,16.04,15.0,15.0,15.0
394,put_away_dishes,4,20.13,13.62,15.0,15.0,22.5
395,put_away_dishes,1,26.71,14.78,30.0,15.0,30.0
395,put_away_dishes,2,16.22,13.76,15.0,15.0,15.0
395,put_away_dishes,3,13.68,10.01,15.0,15.0,15.0
395,put_away_dishes,4,30.69,10.9,30.0,15.0,30.0
396,clean_sink,1,9.1,3.11,15.0,0.0,7.5
396,clean_sink,2,3.81,3.02,0.0,0.0,7.5
396,clean_sink,3,4.95,3.24,0.0,0.0,7.5
396,clean_sink,4,6.58,2.94,0.0,0.0,7.5
397,clean_bathrooms,1,27.16,54.92,30.0,45.0,30.0
397,clean_bathrooms,2,15.36,67.71,15.0,45.0,15.0
397,clean_bathrooms,3,13.84,70.63,15.0,45.0,15.0
397,clean_bathrooms,4,37.75,95.21,45.0,45.0,37.5
398,clean_sink,1,9.25,4.27,15.0,0.0,7.5
398,clean_sink,2,3.3,4.22,0.0,0.0,0.0
398,clean_sink,3,4.32,2.55,0.0,0.0,7.5
398,clean_sink,4,7.02,3.19,0.0,0.0,7.5
399,clean_microwave,1,6.35,6.21,0.0,0.0,7.5
399,clean_microwave,2,3.29,8.69,0.0,15.0,0.0
399,clean_microwave,3,3.96,6.66,0.0,0.0,7.5
399,clean_microwave,4,6.39,8.03,0.0,15.0,7.5
400,clean_bathrooms,1,35.86,77.87,30.0,45.0,37.5
400,clean_bathrooms,2,16.66,75.48,15.0,45.0,15.0
400,clean_bathrooms,3,11.71,37.18,15.0,30.0,15.0
400,clean_bathrooms,4,27.75,47.01,30.0,45.0,30.0
401,vacuum_downstairs,1,17.98,14.71,15.0,15.0,15.0
401,vacuum_downstairs,2,8.85,14.59,15.0,15.0,7.5
401,vacuum_downstairs,3,7.71,12.7,15.0,15.0,7.5
401,vacuum_downstairs,4,12.59,10.08,15.0,15.0,15.0
402,clean_sink,1,6.19,4.12,0.0,0.0,7.5
402,clean_sink,2,3.07,3.34,0.0,0.0,0.0
402,clean_sink,3,4.24,2.95,0.0,0.0,7.5
402,clean_sink,4,6.91,2.63,0.0,0.0,7.5
403,kitchen_surfaces,1,18.57,12.83,15.0,15.0,15.0
403,kitchen_surfaces,2,6.91,7.41,0.0,0.0,7.5
403,kitchen_surfaces,3,13.64,15.26,15.0,15.0,15.0
403,kitchen_surfaces,4,11.04,7.86,15.0,15.0,7.5
404,trash_recycling,1,31.46,13.23,30.0,15.0,30.0
404,trash_recycling,2,25.58,13.62,30.0,15.0,22.5
404,trash_recycling,3,26.26,8.16,30.0,15.0,30.0
404,trash_recycling,4,43.27,11.66,45.0,15.0,45.0
405,clean_microwave,1,10.42,7.26,15.0,0.0,7.5
405,clean_microwave,2,5.15,9.03,0.0,15.0,7.5
405,clean_microwave,3,3.58,4.56,0.0,0.0,0.0
405,clean_microwave,4,6.25,5.54,0.0,0.0,7.5
406,put_away_dishes,1,32.62,13.07,30.0,15.0,30.0
406,put_away_dishes,2,15.15,18.53,15.0,15.0,15.0
406,put_away_dishes,3,18.71,12.8,15.0,15.0,15.0
406,put_away_dishes,4,27.9,12.8,30.0,15.0,30.0
407,put_away_dishes,1,32.43,14.5,30.0,15.0,30.0
407,put_away_dishes,2,16.14,16.12,15.0,15.0,15.0
407,put_away_dishes,3,16.56,11.98,15.0,15.0,15.0
407,put_away_dishes,4,31.79,14.21,30.0,15.0,30.0
408,put_away_dishes,1,25.84,11.11,30.0,15.0,22.5
408,put_away_dishes,2,11.48,16.91,15.0,15.0,15.0
408,put_away_dishes,3,20.67,14.61,15.0,15.0,22.5
408,put_away_dishes,4,24.89,9.62,30.0,15.0,22.5
409,trash_recycling,1,46.54,8.67,45.0,15.0,45.0
409,trash_recycling,2,23.91,13.76,30.0,15.0,22.5
409,trash_recycling,3,29.6,12.04,30.0,15.0,30.0
409,trash_recycling,4,38.36,9.96,45.0,15.0,37.5
410,put_away_dishes,1,26.9,8.15,30.0,15.0,30.0
410,put_away_dishes,2,17.51,15.41,15.0,15.0,15.0
410,put_away_dishes,3,19.81,7.97,15.0,15.0,22.5
410,put_away_dishes,4,21.99,6.78,15.0,0.0,22.5
411,clean_microwave,1,7.72,4.7,15.0,0.0,7.5
411,clean_microwave,2,2.91,6.18,0.0,0.0,0.0
411,clean_microwave,3,3.62,6.9,0.0,0.0,0.0
411,clean_microwave,4,8.63,6.81,15.0,0.0,7.5
412,put_away_dishes,1,30.67,10.89,30.0,15.0,30.0
412,put_away_dishes,2,20.25,20.47,15.0,15.0,22.5
412,put_away_dishes,3,14.81,8.89,15.0,15.0,15.0
412,put_away_dishes,4,31.88,15.24,30.0,15.0,30.0
413,clean_bathrooms,1,25.71,57.78,30.0,45.0,22.5
413,clean_bathrooms,2,12.85,62.0,15.0,45.0,15.0
413,clean_bathrooms,3,13.04,44.02,15.0,45.0,15.0
413,clean_bathrooms,4,20.52,46.58,15.0,45.0,22.5
414,kitchen_surfaces,1,20.48,12.01,15.0,15.0,22.5
414,kitchen_surfaces,2,9.95,9.04,15.0,15.0,7.5
414,kitchen_surfaces,3,8.01,10.18,15.0,15.0,7.5
414,kitchen_surfaces,4,16.24,10.27,15.0,15.0,15.0
415,put_away_dishes,1,25.73,15.92,30.0,15.0,22.5
415,put_away_dishes,2,17.25,14.48,15.0,15.0,15.0
415,put_away_dishes,3,18.57,18.75,15.0,15.0,15.0
415,put_away_dishes,4,19.36,11.66,15.0,15.0,22.5
416,trash_recycling,1,53.15,9.28,45.0,15.0,45.0
416,trash_recycling,2,22.01,15.52,15.0,15.0,22.5
416,trash_recycling,3,26.49,11.82,30.0,15.0,30.0
416,trash_recycling,4,44.39,12.41,45.0,15.0,45.0
417,clean_bathrooms,1,32.52,54.37,30.0,45.0,30.0
417,clean_bathrooms,2,12.51,45.97,15.0,45.0,15.0
417,clean_bathrooms,3,13.94,46.24,15.0,45.0,15.0
417,clean_bathrooms,4,29.26,67.63,30.0,45.0,30.0
418,vacuum_downstairs,1,14.96,15.61,15.0,15.0,15.0
418,vacuum_downstairs,2,7.67,11.89,15.0,15.0,7.5
418,vacuum_downstairs,3,5.77,9.08,0.0,15.0,7.5
418,vacuum_downstairs,4,11.3,12.02,15.0,15.0,15.0
419,trash_recycling,1,46.69,11.05,45.0,15.0,45.0
419,trash_recycling,2,21.72,14.75,15.0,15.0,22.5
419,trash_recycling,3,24.72,13.04,30.0,15.0,22.5
419,trash_recycling,4,51.14,14.07,45.0,15.0,45.0
420,trash_recycling,1,43.08,12.14,45.0,15.0,45.0
420,trash_recycling,2,30.74,13.86,30.0,15.0,30.0
420,trash_recycling,3,28.74,17.32,30.0,15.0,30.0
420,trash_recycling,4,38.78,12.12,45.0,15.0,37.5
421,vacuum_downstairs,1,16.38,15.47,15.0,15.0,15.0
421,vacuum_downstairs,2,7.16,16.64,0.0,15.0,7.5
421,vacuum_downstairs,3,8.49,10.87,15.0,15.0,7.5
421,vacuum_downstairs,4,12.85,11.58,15.0,15.0,15.0
422,clean_microwave,1,10.01,7.77,15.0,15.0,7.5
422,clean_microwave,2,2.94,6.5,0.0,0.0,0.0
422,clean_microwave,3,3.24,4.73,0.0,0.0,0.0
422,clean_microwave,4,6.46,8.28,0.0,15.0,7.5
423,clean_bathrooms,1,22.48,35.25,15.0,30.0,22.5
423,clean_bathrooms,2,16.24,59.13,15.0,45.0,15.0
423,clean_bathrooms,3,12.71,35.23,15.0,30.0,15.0
423,clean_bathrooms,4,34.87,44.02,30.0,45.0,37.5
424,trash_recycling,1,41.08,15.44,45.0,15.0,37.5
424,trash_recycling,2,19.1,14.89,15.0,15.0,22.5
424,trash_recycling,3,22.91,12.48,30.0,15.0,22.5
424,trash_recycling,4,32.68,11.56,30.0,15.0,30.0
425,put_away_dishes,1,28.36,13.41,30.0,15.0,30.0
425,put_away_dishes,2,12.06,11.65,15.0,15.0,15.0
425,put_away_dishes,3,17.09,14.46,15.0,15.0,15.0
425,put_away_dishes,4,22.63,8.83,30.0,15.0,22.5
426,put_away_dishes,1,29.62,15.05,30.0,15.0,30.0
426,put_away_dishes,2,12.17,12.96,15.0,15.0,15.0
426,put_away_dishes,3,18.98,12.26,15.0,15.0,22.5
426,put_away_dishes,4,21.94,13.19,15.0,15.0,22.5
427,clean_microwave,1,6.07,5.98,0.0,0.0,7.5
427,clean_microwave,2,3.66,6.03,0.0,0.0,0.0
427,clean_microwave,3,3.77,5.51,0.0,0.0,7.5
427,clean_microwave,4,7.59,3.91,15.0,0.0,7.5
428,vacuum_downstairs,1,15.74,16.64,15.0,15.0,15.0
428,vacuum_downstairs,2,10.06,17.8,15.0,15.0,7.5
428,vacuum_downstairs,3,10.01,11.0,15.0,15.0,7.5
428,vacuum_downstairs,4,14.42,15.39,15.0,15.0,15.0
429,vacuum_downstairs,1,13.95,12.23,15.0,15.0,15.0
429,vacuum_downstairs,2,9.7,14.69,15.0,15.0,7.5
429,vacuum_downstairs,3,8.99,11.87,15.0,15.0,7.5
429,vacuum_downstairs,4,17.71,11.73,15.0,15.0,15.0
430,put_away_dishes,1,35.47,12.7,30.0,15.0,37.5
430,put_away_dishes,2,12.64,10.42,15.0,15.0,15.0
430,put_away_dishes,3,14.58,12.99,15.0,15.0,15.0
430,put_away_dishes,4,18.27,8.88,15.0,15.0,15.0
431,clean_microwave,1,5.95,5.66,0.0,0.0,7.5
431,clean_microwave,2,4.14,5.88,0.0,0.0,7.5
431,clean_microwave,3,5.0,5.46,0.0,0.0,7.5
431,clean_microwave,4,5.7,4.52,0.0,0.0,7.5
432,put_away_dishes,1,36.49,21.73,30.0,15.0,37.5
432,put_away_dishes,2,17.91,17.44,15.0,15.0,15.0
432,put_away_dishes,3,16.43,12.0,15.0,15.0,15.0
432,put_away_dishes,4,22.08,11.21,15.0,15.0,22.5
433,trash_recycling,1,43.91,19.7,45.0,15.0,45.0
433,trash_recycling,2,24.28,18.33,30.0,15.0,22.5
433,trash_recycling,3,21.1,9.75,15.0,15.0,22.5
433,trash_recycling,4,30.56,9.63,30.0,15.0,30.0
434,clean_microwave,1,8.24,6.8,15.0,0.0,7.5
434,clean_microwave,2,4.75,5.97,0.0,0.0,7.5
434,clean_microwave,3,3.87,5.53,0.0,0.0,7.5
434,clean_microwave,4,5.98,6.55,0.0,0.0,7.5
435,put_away_dishes,1,35.31,13.55,30.0,15.0,37.5
435,put_away_dishes,2,12.21,11.19,15.0,15.0,15.0
435,put_away_dishes,3,11.57,10.56,15.0,15.0,15.0
435,put_away_dishes,4,30.93,12.39,30.0,15.0,30.0
436,kitchen_surfaces,1,26.19,9.16,30.0,15.0,22.5
436,kitchen_surfaces,2,8.08,11.59,15.0,15.0,7.5
436,kitchen_surfaces,3,8.17,8.47,15.0,15.0,7.5
436,kitchen_surfaces,4,14.25,7.82,15.0,15.0,15.0
437,kitchen_surfaces,1,19.99,11.47,15.0,15.0,22.5
437,kitchen_surfaces,2,8.21,11.02,15.0,15.0,7.5
437,kitchen_surfaces,3,10.65,9.85,15.0,15.0,7.5
437,kitchen_surfaces,4,17.34,7.31,15.0,0.0,15.0
438,trash_recycling,1,47.35,16.63,45.0,15.0,45.0
438,trash_recycling,2,23.88,14.53,30.0,15.0,22.5
438,trash_recycling,3,19.67,15.22,15.0,15.0,22.5
438,trash_recycling,4,27.01,10.29,30.0,15.0,30.0
439,trash_recycling,1,37.41,11.85,30.0,15.0,37.5
439,trash_recycling,2,27.04,17.55,30.0,15.0,30.0
439,trash_recycling,3,31.61,10.97,30.0,15.0,30.0
439,trash_recycling,4,44.26,13.16,45.0,15.0,45.0
440,kitchen_surfaces,1,19.51,11.33,15.0,15.0,22.5
440,kitchen_surfaces,2,11.82,16.55,15.0,15.0,15.0
440,kitchen_surfaces,3,9.61,6.51,15.0,0.0,7.5
440,kitchen_surfaces,4,19.35,10.76,15.0,15.0,22.5
441,trash_recycling,1,51.02,14.23,45.0,15.0,45.0
441,trash_recycling,2,27.97,14.86,30.0,15.0,30.0
441,trash_recycling,3,24.25,11.53,30.0,15.0,22.5
441,trash_recycling,4,49.66,16.5,45.0,15.0,45.0
442,clean_bathrooms,1,29.16,55.97,30.0,45.0,30.0
442,clean_bathrooms,2,18.61,75.11,15.0,45.0,15.0
442,clean_bathrooms,3,14.8,68.65,15.0,45.0,15.0
442,clean_bathrooms,4,23.87,74.49,30.0,45.0,22.5
443,put_away_dishes,1,21.12,13.38,15.0,15.0,22.5
443,put_away_dishes,2,16.55,17.52,15.0,15.0,15.0
443,put_away_dishes,3,17.2,13.75,15.0,15.0,15.0
443,put_away_dishes,4,25.6,13.84,30.0,15.0,22.5
444,put_away_dishes,1,30.72,10.58,30.0,15.0,30.0
444,put_away_dishes,2,14.33,22.51,15.0,30.0,15.0
444,put_away_dishes,3,17.78,13.38,15.0,15.0,15.0
444,put_away_dishes,4,23.74,12.27,30.0,15.0,22.5
445,trash_recycling,1,46.0,9.74,45.0,15.0,45.0
445,trash_recycling,2,21.33,16.47,15.0,15.0,22.5
445,trash_recycling,3,21.7,10.7,15.0,15.0,22.5
445,trash_recycling,4,29.05,10.53,30.0,15.0,30.0
446,clean_sink,1,5.24,2.72,0.0,0.0,7.5
446,clean_sink,2,3.88,5.36,0.0,0.0,7.5
446,clean_sink,3,3.43,3.51,0.0,0.0,0.0
446,clean_sink,4,6.97,2.86,0.0,0.0,7.5
447,clean_sink,1,8.14,3.05,15.0,0.0,7.5
447,clean_sink,2,4.03,3.55,0.0,0.0,7.5
447,clean_sink,3,4.74,3.18,0.0,0.0,7.5
447,clean_sink,4,5.4,2.71,0.0,0.0,7.5
448,trash_recycling,1,51.32,13.2,45.0,15.0,45.0
448,trash_recycling,2,16.8,15.63,15.0,15.0,15.0
448,trash_recycling,3,26.78,9.35,30.0,15.0,30.0
448,trash_recycling,4,37.49,9.09,30.0,15.0,37.5
449,kitchen_surfaces,1,19.95,11.42,15.0,15.0,22.5
449,kitchen_surfaces,2,8.39,12.54,15.0,15.0,7.5
449,kitchen_surfaces,3,11.23,8.8,15.0,15.0,7.5
449,kitchen_surfaces,4,18.97,10.5,15.0,15.0,22.5
450,trash_recycling,1,27.52,14.04,30.0,15.0,30.0
450,trash_recycling,2,18.53,16.73,15.0,15.0,15.0
450,trash_recycling,3,25.1,16.52,30.0,15.0,22.5
450,trash_recycling,4,44.78,17.12,45.0,15.0,45.0
451,put_away_dishes,1,32.88,14.26,30.0,15.0,30.0
451,put_away_dishes,2,10.59,13.16,15.0,15.0,7.5
451,put_away_dishes,3,16.7,11.25,15.0,15.0,15.0
451,put_away_dishes,4,26.25,9.51,30.0,15.0,22.5
452,trash_recycling,1,36.95,16.62,30.0,15.0,37.5
452,trash_recycling,2,29.05,20.11,30.0,15.0,30.0
452,trash_recycling,3,24.19,13.11,30.0,15.0,22.5
452,trash_recycling,4,38.64,11.29,45.0,15.0,37.5
453,clean_microwave,1,9.56,7.14,15.0,0.0,7.5
453,clean_microwave,2,5.26,7.6,0.0,15.0,7.5
453,clean_microwave,3,6.12,9.33,0.0,15.0,7.5
453,clean_microwave,4,5.76,4.58,0.0,0.0,7.5
454,trash_recycling,1,64.94,10.69,45.0,15.0,45.0
454,trash_recycling,2,17.48,9.34,15.0,15.0,15.0
454,trash_recycling,3,33.13,14.91,30.0,15.0,30.0
454,trash_recycling,4,48.51,10.25,45.0,15.0,45.0
455,put_away_dishes,1,25.86,13.68,30.0,15.0,22.5
455,put_away_dishes,2,12.18,20.13,15.0,15.0,15.0
455,put_away_dishes,3,22.85,13.47,30.0,15.0,22.5
455,put_away_dishes,4,26.52,12.54,30.0,15.0,30.0
456,kitchen_surfaces,1,18.72,7.09,15.0,0.0,15.0
456,kitchen_surfaces,2,10.66,15.83,15.0,15.0,7.5
456,kitchen_surfaces,3,10.8,9.01,15.0,15.0,7.5
456,kitchen_surfaces,4,13.08,6.78,15.0,0.0,15.0
457,trash_recycling,1,44.31,11.57,45.0,15.0,45.0
457,trash_recycling,2,22.04,18.1,15.0,15.0,22.5
457,trash_recycling,3,27.95,11.13,30.0,15.0,30.0
457,trash_recycling,4,51.02,14.8,45.0,15.0,45.0
458,trash_recycling,1,39.12,9.48,45.0,15.0,37.5
458,trash_recycling,2,23.25,18.05,30.0,15.0,22.5
458,trash_recycling,3,31.93,15.13,30.0,15.0,30.0
458,trash_recycling,4,37.03,15.94,30.0,15.0,37.5
459,put_away_dishes,1,24.37,11.21,30.0,15.0,22.5
459,put_away_dishes,2,13.26,19.05,15.0,15.0,15.0
459,put_away_dishes,3,13.7,10.15,15.0,15.0,15.0
459,put_away_dishes,4,36.7,8.29,30.0,15.0,37.5
460,clean_bathrooms,1,25.71,64.67,30.0,45.0,22.5
460,clean_bathrooms,2,10.66,85.42,15.0,45.0,7.5
460,clean_bathrooms,3,15.3,45.72,15.0,45.0,15.0
460,clean_bathrooms,4,23.47,40.92,30.0,45.0,22.5
461,kitchen_surfaces,1,17.39,10.79,15.0,15.0,15.0
461,kitchen_surfaces,2,13.45,13.5,15.0,15.0,15.0
461,kitchen_surfaces,3,9.61,10.93,15.0,15.0,7.5
461,kitchen_surfaces,4,16.38,8.02,15.0,15.0,15.0
462,clean_microwave,1,7.86,6.68,15.0,0.0,7.5
462,clean_microwave,2,4.59,6.9,0.0,0.0,7.5
462,clean_microwave,3,4.95,6.92,0.0,0.0,7.5
462,clean_microwave,4,8.43,4.92,15.0,0.0,7.5
463,kitchen_surfaces,1,23.61,14.05,30.0,15.0,22.5
463,kitchen_surfaces,2,9.85,16.35,15.0,15.0,7.5
463,kitchen_surfaces,3,6.42,9.63,0.0,15.0,7.5
463,kitchen_surfaces,4,12.58,8.56,15.0,15.0,15.0
464,clean_sink,1,6.91,3.57,0.0,0.0,7.5
464,clean_sink,2,5.33,5.01,0.0,0.0,7.5
464,clean_sink,3,3.4,3.24,0.0,0.0,0.0
464,clean_sink,4,9.05,2.88,15.0,0.0,7.5
465,put_away_dishes,1,21.94,9.74,15.0,15.0,22.5
465,put_away_dishes,2,15.98,14.73,15.0,15.0,15.0
465,put_away_dishes,3,14.81,10.25,15.0,15.0,15.0
465,put_away_dishes,4,22.66,10.64,30.0,15.0,22.5
466,kitchen_surfaces,1,15.81,10.21,15.0,15.0,15.0
466,kitchen_surfaces,2,7.02,14.52,0.0,15.0,7.5
466,kitchen_surfaces,3,7.27,7.63,0.0,15.0,7.5
466,kitchen_surfaces,4,14.69,9.24,15.0,15.0,15.0
467,vacuum_downstairs,1,12.91,9.68,15.0,15.0,15.0
467,vacuum_downstairs,2,8.64,14.31,15.0,15.0,7.5
467,vacuum_downstairs,3,6.85,19.23,0.0,15.0,7.5
467,vacuum_downstairs,4,14.11,14.42,15.0,15.0,15.0
468,trash_recycling,1,56.66,21.84,45.0,15.0,45.0
468,trash_recycling,2,18.44,14.1,15.0,15.0,15.0
468,trash_recycling,3,17.25,9.11,15.0,15.0,15.0
468,trash_recycling,4,30.87,10.71,30.0,15.0,30.0
469,vacuum_downstairs,1,14.28,9.47,15.0,15.0,15.0
469,vacuum_downstairs,2,7.64,18.67,15.0,15.0,7.5
469,vacuum_downstairs,3,8.1,14.02,15.0,15.0,7.5
469,vacuum_downstairs,4,8.54,9.12,15.0,15.0,7.5
470,clean_microwave,1,9.97,8.85,15.0,15.0,7.5
470,clean_microwave,2,3.74,12.84,0.0,15.0,0.0
470,clean_microwave,3,3.3,5.61,0.0,0.0,0.0
470,clean_microwave,4,8.44,4.36,15.0,0.0,7.5
471,kitchen_surfaces,1,13.34,7.44,15.0,0.0,15.0
471,kitchen_surfaces,2,9.46,13.7,15.0,15.0,7.5
471,kitchen_surfaces,3,6.9,7.81,0.0,15.0,7.5
471,kitchen_surfaces,4,17.89,8.86,15.0,15.0,15.0
472,kitchen_surfaces,1,18.37,12.42,15.0,15.0,15.0
472,kitchen_surfaces,2,9.05,9.7,15.0,15.0,7.5
472,kitchen_surfaces,3,8.52,9.82,15.0,15.0,7.5
472,kitchen_surfaces,4,17.69,8.95,15.0,15.0,15.0
473,trash_recycling,1,47.82,18.96,45.0,15.0,45.0
473,trash_recycling,2,28.49,23.82,30.0,30.0,30.0
473,trash_recycling,3,23.2,11.11,30.0,15.0,22.5
473,trash_recycling,4,33.16,10.57,30.0,15.0,30.0
474,clean_microwave,1,8.48,7.61,15.0,15.0,7.5
474,clean_microwave,2,3.98,6.19,0.0,0.0,7.5
474,clean_microwave,3,4.33,5.83,0.0,0.0,7.5
474,clean_microwave,4,6.95,4.85,0.0,0.0,7.5
475,put_away_dishes,1,32.77,13.67,30.0,15.0,30.0
475,put_away_dishes,2,13.31,11.71,15.0,15.0,15.0
475,put_away_dishes,3,14.24,15.33,15.0,15.0,15.0
475,put_away_dishes,4,26.37,11.36,30.0,15.0,30.0
476,put_away_dishes,1,41.47,16.77,45.0,15.0,45.0
476,put_away_dishes,2,15.13,19.02,15.0,15.0,15.0
476,put_away_dishes,3,17.63,14.11,15.0,15.0,15.0
476,put_away_dishes,4,26.23,11.99,30.0,15.0,22.5
477,vacuum_downstairs,1,19.11,15.66,15.0,15.0,22.5
477,vacuum_downstairs,2,8.23,14.18,15.0,15.0,7.5
477,vacuum_downstairs,3,10.25,12.66,15.0,15.0,7.5
477,vacuum_downstairs,4,12.32,17.64,15.0,15.0,15.0
478,vacuum_downstairs,1,16.22,13.34,15.0,15.0,15.0
478,vacuum_downstairs,2,6.32,10.82,0.0,15.0,7.5
478,vacuum_downstairs,3,9.29,17.47,15.0,15.0,7.5
478,vacuum_downstairs,4,13.93,8.74,15.0,15.0,15.0
479,kitchen_surfaces,1,18.97,12.48,15.0,15.0,22.5
479,kitchen_surfaces,2,11.25,13.49,15.0,15.0,7.5
479,kitchen_surfaces,3,9.43,9.0,15.0,15.0,7.5
479,kitchen_surfaces,4,14.46,9.68,15.0,15.0,15.0
480,clean_sink,1,9.15,3.89,15.0,0.0,7.5
480,clean_sink,2,3.9,4.19,0.0,0.0,7.5
480,clean_sink,3,4.12,3.13,0.0,0.0,7.5
480,clean_sink,4,7.71,3.82,15.0,0.0,7.5
481,put_away_dishes,1,35.93,9.35,30.0,15.0,37.5
481,put_away_dishes,2,13.54,15.85,15.0,15.0,15.0
481,put_away_dishes,3,18.98,16.42,15.0,15.0,22.5
481,put_away_dishes,4,29.65,11.56,30.0,15.0,30.0
482,kitchen_surfaces,1,22.3,11.55,15.0,15.0,22.5
482,kitchen_surfaces,2,12.82,14.67,15.0,15.0,15.0
482,kitchen_surfaces,3,10.55,13.59,15.0,15.0,7.5
482,kitchen_surfaces,4,12.61,9.46,15.0,15.0,15.0
483,put_away_dishes,1,30.52,12.34,30.0,15.0,30.0
483,put_away_dishes,2,17.16,12.39,15.0,15.0,15.0
483,put_away_dishes,3,17.02,12.07,15.0,15.0,15.0
483,put_away_dishes,4,24.92,11.22,30.0,15.0,22.5
484,clean_bathrooms,1,25.32,51.36,30.0,45.0,22.5
484,clean_bathrooms,2,16.37,57.69,15.0,45.0,15.0
484,clean_bathrooms,3,18.19,42.56,15.0,45.0,15.0
484,clean_bathrooms,4,21.57,49.56,15.0,45.0,22.5
485,trash_recycling,1,44.23,16.86,45.0,15.0,45.0
485,trash_recycling,2,31.46,13.81,30.0,15.0,30.0
485,trash_recycling,3,18.33,16.16,15.0,15.0,15.0
485,trash_recycling,4,41.17,16.4,45.0,15.0,37.5
486,clean_microwave,1,6.0,4.79,0.0,0.0,7.5
486,clean_microwave,2,4.68,10.14,0.0,15.0,7.5
486,clean_microwave,3,3.7,6.46,0.0,0.0,0.0
486,clean_microwave,4,7.61,6.7,15.0,0.0,7.5
487,vacuum_downstairs,1,14.0,13.54,15.0,15.0,15.0
487,vacuum_downstairs,2,8.25,14.34,15.0,15.0,7.5
487,vacuum_downstairs,3,6.83,12.68,0.0,15.0,7.5
487,vacuum_downstairs,4,15.8,17.72,15.0,15.0,15.0
488,put_away_dishes,1,37.81,12.79,45.0,15.0,37.5
488,put_away_dishes,2,12.32,15.24,15.0,15.0,15.0
488,put_away_dishes,3,22.88,14.8,30.0,15.0,22.5
488,put_away_dishes,4,18.17,16.38,15.0,15.0,15.0
489,vacuum_downstairs,1,14.08,17.63,15.0,15.0,15.0
489,vacuum_downstairs,2,8.73,17.62,15.0,15.0,7.5
489,vacuum_downstairs,3,6.93,9.62,0.0,15.0,7.5
489,vacuum_downstairs,4,13.17,11.38,15.0,15.0,15.0
490,trash_recycling,1,42.07,13.84,45.0,15.0,45.0
490,trash_recycling,2,31.04,15.06,30.0,15.0,30.0
490,trash_recycling,3,25.4,15.94,30.0,15.0,22.5
490,trash_recycling,4,39.39,9.86,45.0,15.0,37.5
491,vacuum_downstairs,1,21.53,13.92,15.0,15.0,22.5
491,vacuum_downstairs,2,5.97,13.29,0.0,15.0,7.5
491,vacuum_downstairs,3,7.44,11.06,0.0,15.0,7.5
491,vacuum_downstairs,4,12.9,13.03,15.0,15.0,15.0
492,clean_sink,1,7.48,3.03,0.0,0.0,7.5
492,clean_sink,2,3.45,4.08,0.0,0.0,0.0
492,clean_sink,3,4.33,3.82,0.0,0.0,7.5
492,clean_sink,4,9.89,3.06,15.0,0.0,7.5
493,kitchen_surfaces,1,18.38,8.77,15.0,15.0,15.0
493,kitchen_surfaces,2,8.81,17.14,15.0,15.0,7.5
493,kitchen_surfaces,3,11.94,7.4,15.0,0.0,15.0
493,kitchen_surfaces,4,14.88,11.69,15.0,15.0,15.0
494,kitchen_surfaces,1,13.27,7.14,15.0,0.0,15.0
494,kitchen_surfaces,2,10.13,10.87,15.0,15.0,7.5
494,kitchen_surfaces,3,11.5,11.7,15.0,15.0,15.0
494,kitchen_surfaces,4,14.45,9.6,15.0,15.0,15.0
495,kitchen_surfaces,1,17.67,11.02,15.0,15.0,15.0
495,kitchen_surfaces,2,9.21,11.92,15.0,15.0,7.5
495,kitchen_surfaces,3,7.64,5.87,15.0,0.0,7.5
495,kitchen_surfaces,4,22.69,10.01,30.0,15.0,22.5
496,clean_sink,1,6.21,2.41,0.0,0.0,7.5
496,clean_sink,2,4.33,3.94,0.0,0.0,7.5
496,clean_sink,3,4.96,3.45,0.0,0.0,7.5
496,clean_sink,4,6.2,2.55,0.0,0.0,7.5
497,put_away_dishes,1,29.93,17.09,30.0,15.0,30.0
497,put_away_dishes,2,18.1,21.11,15.0,15.0,15.0
497,put_away_dishes,3,15.31,9.42,15.0,15.0,15.0
497,put_away_dishes,4,22.94,10.72,30.0,15.0,22.5
498,kitchen_surfaces,1,16.89,17.75,15.0,15.0,15.0
498,kitchen_surfaces,2,12.5,10.6,15.0,15.0,15.0
498,kitchen_surfaces,3,9.6,7.01,15.0,0.0,7.5
498,kitchen_surfaces,4,16.77,9.36,15.0,15.0,15.0
499,clean_microwave,1,8.16,7.17,15.0,0.0,7.5
499,clean_microwave,2,3.17,9.91,0.0,15.0,0.0
499,clean_microwave,3,4.59,5.26,0.0,0.0,7.5
499,clean_microwave,4,7.06,5.09,0.0,0.0,7.5
